Country_Code,Country_Name,Year,Actual_GHG,Regression_Prediction,NN_Prediction,ARIMA_Prediction,ARIMAX_Prediction,ARIMAX_DUMMY_Prediction,Regression_Abs_Error,NN_Abs_Error,ARIMA_Abs_Error,ARIMAX_Abs_Error,ARIMAX_DUMMY_Abs_Error,Winner
BRN,Brunei,1990,22.921203954687183,20.721467646317347,20.44291356441392,21.966911764705884,21.4799621769796,22.057609234754825,2.199736308369836,2.478290390273262,0.9542921899812988,1.4412417777075817,0.8635947199323581,ARIMAX_DUMMY
BRN,Brunei,1991,24.27150451644351,20.341668598868043,20.447445593408894,22.921203954687183,22.865183708471385,22.818438131086893,3.929835917575467,3.8240589230346167,1.3503005617563275,1.4063208079721257,1.4530663853566175,ARIMA
BRN,Brunei,1992,24.411593579875408,26.55643675598079,22.800693615205738,24.27150451644351,24.47579748251978,24.10999025791079,2.1448431761053826,1.6108999646696702,0.14008906343189764,0.06420390264437259,0.3016033219646168,ARIMAX
BRN,Brunei,1993,24.93510150882222,26.400446035963185,27.263872514209954,24.411593579875408,24.274846564553755,24.379414153176462,1.4653445271409637,2.3287710053877326,0.5235079289468132,0.6602549442684662,0.5556873556457589,ARIMA
BRN,Brunei,1994,24.777976071047657,25.90673590170104,26.421412407344828,24.93510150882222,25.12126179151667,24.875894573325258,1.128759830653383,1.643436336297171,0.1571254377745639,0.3432857204690123,0.0979185022776008,ARIMAX_DUMMY
BRN,Brunei,1995,25.152904411133434,25.51087738546877,29.833439770319373,24.777976071047657,24.445953964837983,24.78843756432394,0.35797297433533615,4.680535359185939,0.374928340085777,0.7069504462954512,0.3644668468094956,Regression
BRN,Brunei,1996,25.79121350695329,25.732279855416174,22.480689510953873,25.152904411133434,25.041332623357903,25.113836987769496,0.05893365153711727,3.310523995999418,0.6383090958198565,0.7498808835953881,0.6773765191837953,Regression
BRN,Brunei,1997,26.862098440759677,25.717592843699922,25.030492228151488,25.79121350695329,26.028908796852956,25.719790833953628,1.144505597059755,1.8316062126081896,1.0708849338063864,0.8331896439067208,1.1423076068060496,ARIMAX
BRN,Brunei,1998,24.55463610608704,26.044906286678682,25.766057470356643,26.862098440759677,27.19073925997848,26.748209665083646,1.49027018059164,1.2114213642696008,2.3074623346726355,2.636103153891437,2.1935735589966043,NeuralNetwork
BRN,Brunei,1999,25.5291771416764,25.18182645724495,24.195827529204966,24.55463610608704,24.090944419897653,24.810898283078192,0.3473506844314507,1.3333496124714337,0.9745410355893576,1.4382327217787463,0.7182788585982074,Regression
BRN,Brunei,2000,25.99747567580815,25.54671482439911,25.39693686527641,25.5291771416764,25.57458050054936,25.44009937612289,0.45076085140904,0.6005388105317415,0.46829853413175115,0.42289517525879106,0.5573762996852594,ARIMAX
BRN,Brunei,2001,26.18848340308089,25.79121678118753,23.05145996255529,25.99747567580815,26.029050920326338,25.927474267417328,0.3972666218933618,3.137023440525603,0.19100772727274062,0.15943248275455346,0.26100913566356354,ARIMAX
BRN,Brunei,2002,23.22176777938189,25.626069273359462,25.403690322425334,26.18848340308089,26.254691973552333,26.15600840094396,2.4043014939775738,2.181922543043445,2.9667156236990024,3.0329241941704446,2.934240621562072,NeuralNetwork
BRN,Brunei,2003,25.710180967409716,25.825620789007495,25.732920057628142,23.22176777938189,22.757048880096818,23.60656260476674,0.11543982159777855,0.022739090218426128,2.4884131880278275,2.9531320873128983,2.103618362642976,NeuralNetwork
BRN,Brunei,2004,23.831220902720517,26.06343713123631,22.257632389060454,25.710180967409716,26.282552598445452,25.374682740045774,2.2322162285157923,1.573588513660063,1.878960064689199,2.451331695724935,1.5434618373252569,ARIMAX_DUMMY
BRN,Brunei,2005,22.542321880328544,26.53933831458009,23.26604275685337,23.831220902720517,24.169567871697417,24.10678707195116,3.9970164342515453,0.7237208765248262,1.2888990223919734,1.6272459913688735,1.5644651916226167,NeuralNetwork
BRN,Brunei,2006,31.052231786608463,27.36650438294892,26.304039432933077,22.542321880328544,23.346592915908893,22.80567296629597,3.6857274036595413,4.748192353675385,8.509909906279919,7.70563887069957,8.246558820312494,Regression
BRN,Brunei,2007,29.144208394787437,28.636571046636547,42.770434539797904,31.052231786608466,30.0795605326421,29.012156075638906,0.5076373481508902,13.626226145010467,1.908023391821029,0.935352137854661,0.13205231914853144,ARIMAX_DUMMY
BRN,Brunei,2008,34.16103527593153,28.587027795884904,27.619678047504504,29.144208394787437,30.027533435259745,29.119044991036258,5.574007480046628,6.541357228427028,5.016826881144095,4.133501840671787,5.041990284895274,ARIMAX
BRN,Brunei,2009,28.622789334774204,33.78483609416609,39.36597104512236,34.16103527593153,35.31992296583113,33.08161002024193,5.162046759391885,10.743181710348154,5.538245941157328,6.6971336310569285,4.458820685467728,ARIMAX_DUMMY
BRN,Brunei,2010,25.43534557466636,30.12255865907019,26.224248438266233,28.622789334774208,28.42661406166443,29.796017264389906,4.6872130844038296,0.7889028635998727,3.187443760107847,2.99126848699807,4.360671689723546,NeuralNetwork
BRN,Brunei,2011,26.735588611604225,24.547021852546195,23.011423748931946,25.43534557466636,24.904459040029778,26.51260598288587,2.1885667590580304,3.7241648626722785,1.3002430369378644,1.8311295715744471,0.2229826287183556,ARIMAX_DUMMY
BRN,Brunei,2012,25.49949822096524,30.213482444113044,31.994435786304987,26.735588611604225,27.573204436601443,26.683186063199084,4.713984223147804,6.494937565339747,1.236090390638985,2.0737062156362036,1.1836878422338444,ARIMAX_DUMMY
BRN,Brunei,2013,24.996960131516868,28.864249775570382,28.202338465372364,25.49949822096524,25.68915633198661,25.797083356246652,3.867289644053514,3.2053783338554958,0.5025380894483717,0.6921962004697413,0.8001232247297843,ARIMA
BRN,Brunei,2014,25.164247150569885,28.563137503223338,29.298052800804165,24.996960131516868,25.725794471279343,25.194680917322216,3.398890352653453,4.1338056502342795,0.1672870190530169,0.5615473207094581,0.030433766752331337,ARIMAX_DUMMY
BRN,Brunei,2015,23.157086961052745,27.92232836106129,27.18957679547856,25.164247150569885,25.477868194373265,25.17178666185468,4.765241400008545,4.032489834425814,2.0071601895171405,2.3207812333205204,2.014699700801934,ARIMA
BRN,Brunei,2016,23.82169686877286,26.424079398667345,20.359573721083827,23.157086961052745,22.564349228076217,23.653915473107748,2.6023825298944843,3.4621231476890344,0.6646099077201164,1.2573476406966435,0.16778139566511285,ARIMAX_DUMMY
BRN,Brunei,2017,23.529479726045125,25.72099907732628,18.19555360620462,23.82169686877286,22.986499449997865,23.78068547490685,2.191519351281155,5.3339261198405055,0.29221714272773625,0.5429802760472597,0.2512057488617252,ARIMAX_DUMMY
BRN,Brunei,2018,23.78200589296727,25.92351404146048,23.183215703579595,23.529479726045125,23.014399220404268,23.591629890846914,2.141508148493209,0.5987901893876746,0.252526166922145,0.7676066725630015,0.190376002120356,ARIMAX_DUMMY
BRN,Brunei,2019,22.77514231499051,26.298055564510364,23.97716304014901,23.78200589296727,23.4665675137166,23.734866679588283,3.5229132495198527,1.2020207251584978,1.006863577976759,0.6914251987260904,0.959724364597772,ARIMAX
BRN,Brunei,2020,28.51025024362768,26.347182545928924,25.357956728512065,22.77514231499051,22.907538790601382,23.01315544537504,2.1630676976987573,3.152293515115616,5.73510792863717,5.6027114530262985,5.49709479825264,Regression
BRN,Brunei,2021,27.74787977534806,26.054090613211436,24.345935076586862,28.51025024362768,27.430756784657433,28.510171304746656,1.6937891621366248,3.4019446987611985,0.7623704682796202,0.31712299069062766,0.7622915293985955,ARIMAX
BRN,Brunei,2022,26.14752838351231,26.71969083641071,25.150643992386698,27.74787977534806,27.98833585426432,27.747992381573706,0.5721624528984002,0.9968843911256116,1.6003513918357513,1.8408074707520115,1.6004639980613966,Regression
BRN,Brunei,2023,26.280044187916303,27.76104125960362,29.27700975863035,26.14752838351231,27.241721426590612,26.502321874053898,1.480997071687316,2.996965570714046,0.1325158044039938,0.9616772386743087,0.2222776861375948,ARIMA
BRN,Brunei,2024,25.642881995846317,26.849629717951984,25.526597172395068,26.280044187916303,26.331324283629268,26.332567868222263,1.2067477221056677,0.1162848234512488,0.6371621920699866,0.6884422877829515,0.6896858723759465,NeuralNetwork
KHM,Cambodia,1990,1.97660884054135,2.0224577092469285,2.0224577092469285,2.0224577092469285,2.0224577092469285,2.0106762744892515,0.04584886870557847,0.04584886870557847,0.04584886870557847,0.04584886870557847,0.03406743394790146,ARIMAX_DUMMY
KHM,Cambodia,1991,1.8924787136473329,1.97660884054135,1.97660884054135,1.97660884054135,1.97660884054135,1.9703602598671293,0.08413012689401711,0.08413012689401711,0.08413012689401711,0.08413012689401711,0.07788154621979637,ARIMAX_DUMMY
KHM,Cambodia,1992,1.837809375301596,1.58483205737164,2.002755367338859,1.8924787136473329,1.8850136372527881,1.8932867609416382,0.25297731792995615,0.1649459920372629,0.05466933834573684,0.047204261951192095,0.05547738564004212,ARIMAX
KHM,Cambodia,1993,1.7835446227366225,1.551285098506122,2.0639240260486096,1.837809375301596,1.826583447619205,1.8421325842291154,0.23225952423050056,0.2803794033119871,0.05426475256497354,0.043038824882582594,0.0585879614924929,ARIMAX
KHM,Cambodia,1994,1.6044528713751314,1.506525684800318,1.8445759378369462,1.7835446227366225,1.7666713030845316,1.790103799207019,0.09792718657481347,0.2401230664618148,0.17909175136149114,0.1622184317094002,0.18565092783188764,Regression
KHM,Cambodia,1995,1.897390396982701,1.1867357266973995,1.9523278225073655,1.6044528713751314,1.487454494077827,1.6175767660598104,0.7106546702853016,0.05493742552466441,0.2929375256075697,0.40993590290487414,0.2798136309228907,NeuralNetwork
KHM,Cambodia,1996,1.7726434021184545,1.6400672772073555,2.3034322074958458,1.897390396982701,1.9016064009113578,1.8846388045803992,0.13257612491109905,0.5307888053773913,0.12474699486424656,0.1289629987929033,0.11199540246194473,ARIMAX_DUMMY
KHM,Cambodia,1997,1.6846971155948562,1.5485008884189835,1.9792067801883477,1.7726434021184545,1.797487842621676,1.7771379833010412,0.13619622717587276,0.2945096645934915,0.08794628652359826,0.1127907270268198,0.09244086770618498,ARIMA
KHM,Cambodia,1998,1.6310679901507468,1.5290757171947345,1.9076359779747305,1.6846971155948562,1.7071886990575411,1.6976400391660522,0.10199227295601232,0.27656798782398373,0.05362912544410947,0.07612070890679434,0.06657204901530545,ARIMA
KHM,Cambodia,1999,1.6607326542543617,1.4974504372924584,1.662230997648634,1.6310679901507468,1.63492167255746,1.6454924490033722,0.16328221696190326,0.00149834339427235,0.0296646641036149,0.025810981696901658,0.015240205250989458,NeuralNetwork
KHM,Cambodia,2000,1.6410647249440231,1.4059230167431447,1.7034802758761025,1.6607326542543617,1.5872945238618137,1.6678985394654078,0.23514170820087843,0.0624155509320794,0.01966792931033856,0.05377020108220942,0.02683381452138467,ARIMA
KHM,Cambodia,2001,1.6594404195636696,1.4250931140362015,1.776342143165031,1.6410647249440231,1.5546535847272096,1.6481760175009608,0.23434730552746807,0.11690172360136142,0.0183756946196465,0.10478683483646001,0.011264402062708845,ARIMAX_DUMMY
KHM,Cambodia,2002,1.6252437429994506,1.4439384503819768,1.748777507352226,1.6594404195636696,1.5802611205357109,1.6625359985656694,0.18130529261747386,0.12353376435277541,0.034196676564218986,0.04498262246373974,0.037292255566218735,ARIMA
KHM,Cambodia,2003,1.7524447228741955,1.4578812458102084,1.5917793304448473,1.6252437429994506,1.5350605613264012,1.6310891282122002,0.2945634770639871,0.16066539242934819,0.12720097987474488,0.21738416154779427,0.1213555946619953,ARIMAX_DUMMY
KHM,Cambodia,2004,1.6910045209676208,1.5453045589495018,1.7703976372703398,1.7524447228741955,1.7071598053867993,1.7424776244498388,0.14569996201811897,0.07939311630271906,0.06144020190657473,0.016155284419178573,0.05147310348221801,ARIMAX
KHM,Cambodia,2005,1.871279261968084,1.5962339195130482,1.7455462932593684,1.6910045209676208,1.6572234935092416,1.6908837079216439,0.27504534245503587,0.12573296870871564,0.18027474100046326,0.21405576845884244,0.18039555404644014,NeuralNetwork
KHM,Cambodia,2006,1.950204955954339,1.6853778695120807,1.8726038134821659,1.871279261968084,1.8792742144811017,1.8502424807535167,0.2648270864422584,0.0776011424721732,0.07892569398625504,0.07093074147323741,0.09996247520082235,ARIMAX
KHM,Cambodia,2007,2.0137164538928185,1.9094146048080918,2.097573477263422,1.950204955954339,1.9794051261819237,1.9285577728883874,0.10430184908472673,0.0838570233706033,0.06351149793847943,0.034311327710894846,0.08515868100443114,ARIMAX
KHM,Cambodia,2008,2.0487951773365154,2.1081881307398604,2.112547432426782,2.0137164538928185,2.0615464964764745,1.9944896655002664,0.05939295340334505,0.06375225509026672,0.03507872344369689,0.012751319139959083,0.05430551183624899,ARIMAX
KHM,Cambodia,2009,2.1229252192891828,2.119023511157034,2.1165275756840005,2.0487951773365154,2.076315406529885,2.0336514600096653,0.003901708132148851,0.006397643605182246,0.07413004195266737,0.046609812759297764,0.08927375927951742,Regression
KHM,Cambodia,2010,2.1359827087278247,2.244925779602724,2.3630795972950356,2.1229252192891828,2.1463603408615675,2.108505671935723,0.1089430708748993,0.2270968885672109,0.013057489438641934,0.010377632133742765,0.02747703679210156,ARIMAX
KHM,Cambodia,2011,2.182979563913509,2.227506294416834,2.11364916608197,2.1359827087278247,2.126629781345734,2.125692340563962,0.04452673050332523,0.06933039783153871,0.04699685518568408,0.056349782567774565,0.057287223349546945,Regression
KHM,Cambodia,2012,2.141352826029427,2.17102159101056,2.1568817024110296,2.182979563913509,2.183219982228398,2.1735253935818863,0.029668764981133133,0.015528876381602608,0.04162673788408178,0.04186715619897097,0.03217256755245934,NeuralNetwork
KHM,Cambodia,2013,2.10829673528537,2.0848797106348003,2.1746413132809264,2.141352826029427,2.1514874838033484,2.1373888229948985,0.02341702465056983,0.06634457799555626,0.03305609074405691,0.04319074851797833,0.029092087709528425,Regression
KHM,Cambodia,2014,2.169428760781805,2.2309625789568774,2.089028750515062,2.10829673528537,2.1444544542632435,2.107816034700974,0.06153381817507242,0.08040001026674304,0.06113202549643493,0.024974306518561473,0.06161272608083124,ARIMAX
KHM,Cambodia,2015,2.2513560077860872,2.253394482301486,2.1344572534466715,2.169428760781805,2.2022318559407106,2.164870324486376,0.002038474515398736,0.11689875433941577,0.08192724700428222,0.04912415184537666,0.08648568329971118,Regression
KHM,Cambodia,2016,2.3890033831871875,2.2715514579861544,2.2659531614045854,2.2513560077860872,2.304274540533209,2.2430507804783324,0.11745192520103309,0.12305022178260216,0.13764737540110028,0.08472884265397873,0.14595260270885513,ARIMAX
KHM,Cambodia,2017,2.4773955334325617,2.3366415236948415,2.372426316323371,2.3890033831871875,2.467498491046343,2.3768686897879894,0.14075400973772023,0.10496921710919072,0.08839215024537417,0.00989704238621858,0.10052684364457232,ARIMAX
KHM,Cambodia,2018,2.500024271066149,2.419072220386997,2.518715560492952,2.4773955334325617,2.5766400094587034,2.467533380021548,0.0809520506791519,0.01869128942680298,0.022628737633587193,0.07661573839255453,0.0324908910446009,NeuralNetwork
KHM,Cambodia,2019,2.6697341423955288,2.5018823183056815,2.64775528427172,2.500024271066149,2.580358561160798,2.493312973838349,0.16785182408984722,0.02197885812380873,0.16970987132937987,0.08937558123473055,0.1764211685571797,NeuralNetwork
KHM,Cambodia,2020,2.807507876906807,2.6169336285151,2.7949724313750366,2.6697341423955288,2.784781788958235,2.6639787762368896,0.190574248391707,0.012535445531770328,0.13777373451127817,0.022726087948572005,0.1435291006699173,NeuralNetwork
KHM,Cambodia,2021,2.8476511998576672,2.575604126462568,2.727001108421594,2.807507876906807,2.8529413538082813,2.803852358056996,0.27204707339509904,0.1206500914360733,0.040143322950860316,0.005290153950614052,0.04379884180067117,ARIMAX
KHM,Cambodia,2022,2.738341808065284,2.681998719291275,2.8319726496453104,2.8476511998576672,2.8879873505439737,2.845333241993521,0.056343088774009065,0.09363084158002621,0.10930939179238308,0.14964554247868955,0.10699143392823673,Regression
KHM,Cambodia,2023,2.8111878640119192,2.7235305011975517,2.88680014494835,2.738341808065284,2.7525951892658544,2.7378305313238616,0.08765736281436753,0.07561228093643058,0.07284605594663507,0.05859267474606478,0.07335733268805766,ARIMAX
KHM,Cambodia,2024,2.825294077528285,2.7427244668628132,2.8485771293752444,2.8111878640119192,2.8248037252008973,2.8091083068833926,0.08256961066547186,0.023283051846959335,0.014106213516365873,0.0004903523273878108,0.01618577064489246,ARIMAX
IDN,Indonesia,1990,1.842175898042855,1.7234602961981853,1.7690464594408088,1.7346333065109343,1.6937551699602273,1.7433313779523387,0.11871560184466978,0.07312943860204624,0.1075425915319208,0.14842072808262774,0.09884452009051636,NeuralNetwork
IDN,Indonesia,1991,1.9208110315292728,1.7460624218967271,1.950125062142945,1.8829392484697505,1.8698923905055684,1.8921506188776351,0.17474860963254568,0.029314030613672104,0.037871783059522324,0.05091864102370436,0.028660412651637657,ARIMAX_DUMMY
IDN,Indonesia,1992,1.983766958411428,1.8793966113106615,2.0049860444777643,1.934689163737478,1.9701844395076713,1.9592076245232182,0.10437034710076643,0.02121908606633638,0.049077794673950015,0.013582518903756613,0.024559333888209745,ARIMAX
IDN,Indonesia,1993,2.0471599600482486,1.9501509223533373,2.09385135661702,2.004342412845211,2.0266028094109427,2.0160612448677053,0.09700903769491132,0.04669139656877119,0.04281754720303743,0.0205571506373059,0.0310987151805433,ARIMAX
IDN,Indonesia,1994,2.1110312886454263,2.055785441897897,2.1555268187491694,2.0655566617531167,2.1054531985124827,2.081188009898708,0.05524584674752919,0.044495530103743075,0.04547462689230963,0.005578090132943636,0.029843278746718216,ARIMAX
IDN,Indonesia,1995,2.2266602951671097,2.139605028318794,2.2077554366049714,2.1314174580118443,2.1671285049967164,2.14671728920191,0.08705526684831577,0.018904858562138305,0.09524283715526538,0.05953179017039334,0.07994300596519954,NeuralNetwork
IDN,Indonesia,1996,2.3121326124379977,2.26246240203929,2.3385206705870596,2.2718438127033496,2.318254917855908,2.297801280538298,0.04967021039870767,0.026388058149061866,0.04028879973464816,0.0061223054179104786,0.014331331899699595,ARIMAX
IDN,Indonesia,1997,2.3968309268169325,2.3551087477866646,2.4347532376524597,2.331591673923937,2.3938339364356254,2.366085645590452,0.04172217903026798,0.03792231083552711,0.06523925289299548,0.002996990381307185,0.030745281226480348,ARIMAX
IDN,Indonesia,1998,2.352698169310965,2.464666106069698,2.5091775536374485,2.42966936686936,2.4948681239959893,2.4523007096877856,0.11196793675873318,0.15647938432648356,0.07697119755839488,0.14216995468502436,0.09960254037682059,ARIMA
IDN,Indonesia,1999,2.379395741693323,2.429180989975543,2.493465298074854,2.3175942193903842,2.473637544030864,2.3269459211573955,0.049785248282220085,0.11406955638153127,0.06180152230293867,0.09424180233754109,0.052449820535927394,Regression
IDN,Indonesia,2000,2.374468009877369,2.47524842618542,2.4635675065954503,2.4040903831815634,2.451278631664584,2.3944597519685553,0.10078041630805101,0.08909949671808137,0.029622373304194483,0.0768106217872151,0.01999174209118637,ARIMAX_DUMMY
IDN,Indonesia,2001,2.447560634332318,2.3969396345157286,2.4159724996679106,2.3629825248992735,2.4071267691147518,2.3717093220986167,0.05062099981658941,0.03158813466440735,0.08457810943304445,0.0404338652175662,0.07585131223370123,NeuralNetwork
IDN,Indonesia,2002,2.446960613605851,2.476879954111995,2.4562748832369485,2.4790654752012338,2.4890366119325336,2.4882539487873254,0.0299193405061442,0.009314269631097716,0.03210486159538295,0.04207599832668274,0.0412933351814746,NeuralNetwork
IDN,Indonesia,2003,2.547283155690052,2.6077230061548606,2.49197779475534,2.4358947784009257,2.4860902359091774,2.4466409113256202,0.06043985046480849,0.055305360934712056,0.11138837728912643,0.06119291978087471,0.10064224436443192,NeuralNetwork
IDN,Indonesia,2004,2.568055567736619,2.6891366719420895,2.591699991656845,2.583371311331209,2.6357914895088523,2.600688877711662,0.12108110420547069,0.023644423920226032,0.015315743594590092,0.06773592177223353,0.0326333099750431,ARIMA
IDN,Indonesia,2005,2.5692288334232463,2.731609818883049,2.6191282238618125,2.5634656872414885,2.667908187475346,2.6137240083057955,0.16238098545980284,0.04989939043856628,0.005763146181757772,0.09867935405209982,0.04449517488254928,ARIMA
IDN,Indonesia,2006,2.6784764913735253,2.7992740284666215,2.6235514552096806,2.5710561820077373,2.640504015329891,2.5698235466486943,0.12079753709309626,0.0549250361638447,0.10742030936578795,0.037972476043634185,0.108652944724831,ARIMAX
IDN,Indonesia,2007,2.743226563230919,2.859694734474091,2.7204728390279476,2.7140470654794386,2.7827704100276707,2.7269591792680186,0.11646817124317188,0.022753724202971615,0.029179497751480543,0.03954384679675149,0.016267383962900617,ARIMAX_DUMMY
IDN,Indonesia,2008,2.719791403241891,2.8628966433569385,2.812618922439961,2.752857982162633,2.8349721696092773,2.794140525310929,0.14310524011504766,0.09282751919807009,0.03306657892074227,0.1151807663673865,0.07434912206903821,ARIMA
IDN,Indonesia,2009,2.817928711035261,2.653420596955972,2.7829634461550556,2.7083782331951505,2.7599904752647078,2.7623341935156316,0.16450811407928922,0.03496526488020546,0.10955047784011063,0.05793823577055335,0.055594517519629516,NeuralNetwork
IDN,Indonesia,2010,2.9351302445669445,2.8006569804397374,2.8502525627857835,2.8538785757571516,2.8721064520133437,2.8665381406646535,0.13447326412720706,0.08487768178116095,0.08125166880979284,0.0630237925536008,0.06859210390229098,ARIMAX
IDN,Indonesia,2011,3.297478632623898,2.8614286198777834,2.9584610554547552,2.9633810395931333,3.017196388658267,2.9923318646566224,0.43605001274611466,0.3390175771691428,0.3340975930307648,0.28028224396563095,0.3051467679672757,ARIMAX
IDN,Indonesia,2012,3.334971187504953,3.198071015315609,3.614576085242204,3.4295537271767396,3.4883036863217787,3.557121413962001,0.13690017218934392,0.27960489773725117,0.09458253967178676,0.15333249881682587,0.2221502264570483,ARIMA
IDN,Indonesia,2013,3.159721340502064,3.38494574571238,3.641326076586065,3.3111903769472675,3.483812994272639,3.4310790784145726,0.22522440521031584,0.4816047360840008,0.15146903644520338,0.3240916537705747,0.2713577379125085,ARIMA
IDN,Indonesia,2014,3.2908210731829857,3.441175485239781,3.4144558749503675,3.105143204604809,3.241615369506703,3.084025550448739,0.15035441205679545,0.12363480176738184,0.18567786857817659,0.04920570367628274,0.20679552273424662,ARIMAX
IDN,Indonesia,2015,3.2586884922653083,3.5064139721710914,3.4239389175390373,3.3575995428318612,3.3750855139521216,3.258132433557922,0.24772547990578309,0.16525042527372902,0.09891105056655292,0.11639702168681332,0.0005560587073865086,ARIMAX_DUMMY
IDN,Indonesia,2016,3.217849104358492,3.5234306811954887,3.265857619032783,3.2334645056190574,3.314212850657441,3.287631476812726,0.30558157683699694,0.048008514674291014,0.015615401260565598,0.09636374629894906,0.06978237245423413,ARIMA
IDN,Indonesia,2017,3.3884448258186195,3.528692771537582,3.221120032863345,3.2134245043782923,3.265800835129332,3.202799633159884,0.1402479457189627,0.16732479295527458,0.1750203214403272,0.12264399068928755,0.1856451926587357,ARIMAX
IDN,Indonesia,2018,3.714601010729892,3.6146318366217627,3.3469783892068645,3.4451318314228887,3.4609743740835697,3.4475628121707915,0.09996917410812944,0.3676226215230276,0.2694691793070034,0.25362663664632246,0.2670381985591006,Regression
IDN,Indonesia,2019,3.8983849429347113,3.75506803689037,3.6249584370608607,3.825205865481524,3.8239257313290635,3.867273104247206,0.14331690604434133,0.27342650587385053,0.07317907745318708,0.07445921160564772,0.031111838687505333,ARIMAX_DUMMY
IDN,Indonesia,2020,3.664822848411701,3.8936742540219864,3.8083732366079137,3.9297827288362597,4.040004790230047,3.9882826103731026,0.2288514056102855,0.1435503881962128,0.26495988042455876,0.3751819418183464,0.3234597619614017,NeuralNetwork
IDN,Indonesia,2021,3.747968988638607,3.7225810654207416,3.659344705735312,3.538179209400763,3.715327472524958,3.530609242273563,0.025387923217865538,0.08862428290329527,0.20978977923784425,0.03264151611364907,0.21735974636504407,Regression
IDN,Indonesia,2022,4.236620732444976,3.857640544372905,3.8959149692103736,3.8099702177761086,3.8253227353247303,3.747970595849148,0.3789801880720711,0.34070576323460244,0.4266505146688675,0.41129799712024573,0.48865013659582823,NeuralNetwork
IDN,Indonesia,2023,4.4856573827694985,4.308300626702244,4.366793051665639,4.444334480811702,4.425999864987821,4.236616057965202,0.17735675606725465,0.1188643311038593,0.04132290195779653,0.059657517781677605,0.24904132480429642,ARIMA
IDN,Indonesia,2024,4.669609373952502,4.490798998245983,4.62921029150396,4.510286254332428,4.690690248090379,4.485659391973169,0.1788103757065196,0.04039908244854207,0.1593231196200744,0.02108087413787718,0.18394998197933354,ARIMAX
LAO,Laos,1990,1.5704013608676342,1.404411864131299,1.3788576067369156,1.4863132054744317,1.4119900278278912,1.4863132054744317,0.16598949673633512,0.19154375413071856,0.08408815539320247,0.15841133303974297,0.08408815539320247,Tie
LAO,Laos,1991,1.5322478454913713,1.4999252319984113,1.6696859354857203,1.570401360867634,1.580873652284596,1.5704013608676342,0.03232261349295995,0.13743808999434903,0.03815351537626266,0.04862580679322481,0.03815351537626288,Regression
LAO,Laos,1992,1.5714816457242513,1.5075206789912352,1.5308027550908951,1.5322478454913713,1.5208796586178035,1.5322478454913713,0.0639609667330161,0.04067889063335617,0.039233800232880034,0.05060198710644781,0.039233800232880034,Tie
LAO,Laos,1993,1.5484540219335503,1.554294795418385,1.5709136763359433,1.5714816457242513,1.5607470262291434,1.5714816457242513,0.005840773484834694,0.022459654402392948,0.023027623790701002,0.012293004295593102,0.023027623790701002,Regression
LAO,Laos,1994,1.5945413185506172,1.5629254091067968,1.5450313059968541,1.5484540219335503,1.5349816238104899,1.5484540219335503,0.03161590944382042,0.04951001255376308,0.0460872966170669,0.059559694740127345,0.0460872966170669,Regression
LAO,Laos,1995,1.5725211683591278,1.6138372638977134,1.5840722922853625,1.594541318550617,1.5946508894176277,1.5945413185506172,0.04131609553858562,0.011551123926234697,0.022020150191489174,0.022129721058499863,0.022020150191489396,NeuralNetwork
LAO,Laos,1996,1.5882701987720975,1.575754772836786,1.683580554893568,1.572521168359128,1.5594551445798772,1.5725211683591278,0.01251542593531152,0.09531035612147054,0.01574903041296949,0.028815054192220302,0.01574903041296971,Regression
LAO,Laos,1997,1.600617700544506,1.5669370252878987,1.706202446041314,1.5882701987720975,1.5674155553384532,1.5882701987720975,0.03368067525660723,0.10558474549680819,0.012347501772408398,0.03320214520605269,0.012347501772408398,Tie
LAO,Laos,1998,1.510022548399795,1.5849641124250953,1.720046976129442,1.600617700544506,1.5835023976335132,1.600617700544506,0.07494156402530017,0.2100244277296468,0.09059515214471081,0.07347984923371809,0.09059515214471081,ARIMAX
LAO,Laos,1999,1.4699714498845111,1.456984779431434,1.551089995351627,1.510022548399795,1.4405376304333766,1.510022548399795,0.01298667045307722,0.08111854546711594,0.04005109851528399,0.029433819451134546,0.04005109851528399,Regression
LAO,Laos,2000,1.6378480530680812,1.3545825524534068,1.4707130933799886,1.4699714498845111,1.3979528592221884,1.4699714498845111,0.2832655006146745,0.16713495968809267,0.16787660318357012,0.23989519384589286,0.16787660318357012,NeuralNetwork
LAO,Laos,2001,1.675963083824234,1.5367723725292615,1.967503901611852,1.6378480530680812,1.6329947067921213,1.6378480530680812,0.13919071129497262,0.291540817787618,0.03811503075615286,0.04296837703211276,0.03811503075615286,Tie
LAO,Laos,2002,1.7074656083911122,1.6494291537708854,1.6475564583676827,1.675963083824234,1.6726398136198841,1.675963083824234,0.058036454620226774,0.05990915002342945,0.031502524566878076,0.03482579477122805,0.031502524566878076,Tie
LAO,Laos,2003,1.733045861271037,1.708858016172185,1.9303650835546464,1.7074656083911122,1.7025767107357963,1.7074656083911122,0.02418784509885219,0.19731922228360932,0.025580252879924936,0.030469150535240797,0.025580252879924936,Regression
LAO,Laos,2004,1.8086780431664036,1.738988985820862,1.831301861872643,1.733045861271037,1.7288890181231462,1.733045861271037,0.06968905734554154,0.02262381870623953,0.07563218189536647,0.07978902504325736,0.07563218189536647,NeuralNetwork
LAO,Laos,2005,1.753447426647787,1.8294832220921284,1.850833584310681,1.8086780431664036,1.8008050150732955,1.8086780431664036,0.07603579544434136,0.09738615766289382,0.05523061651861649,0.04735758842550841,0.05523061651861649,ARIMAX
LAO,Laos,2006,1.8189730346122888,1.8149764135041049,1.6403987600282781,1.7534474266477869,1.7333031966305208,1.753447426647787,0.003996621108183884,0.17857427458401065,0.06552560796450191,0.08566983798176797,0.06552560796450169,Regression
LAO,Laos,2007,1.8947247101995368,1.852089387656011,1.830776692725124,1.8189730346122888,1.8118754140903197,1.8189730346122888,0.042635322543525866,0.0639480174744127,0.07575167558724805,0.0828492961092171,0.07575167558724805,Regression
LAO,Laos,2008,1.9518719317010709,1.9176543394238084,1.9278525833793334,1.8947247101995368,1.9081860410495142,1.8947247101995368,0.03421759227726251,0.024019348321737466,0.05714722150153406,0.0436858906515567,0.05714722150153406,NeuralNetwork
LAO,Laos,2009,2.081086996018035,1.9818690060772273,2.003886449066373,1.9518719317010709,1.9765745532790482,1.9518719317010709,0.09921798994080788,0.07720054695166212,0.12921506431696428,0.10451244273898697,0.12921506431696428,NeuralNetwork
LAO,Laos,2010,2.184161078741826,2.0519719230854294,2.2056212778189477,2.081086996018035,2.098822578494928,2.081086996018035,0.13218915565639655,0.02146019907712171,0.10307408272379082,0.08533850024689782,0.10307408272379082,NeuralNetwork
LAO,Laos,2011,2.1539727911691893,2.1636033410588986,2.333871950510445,2.184161078741826,2.2145600129211718,2.184161078741826,0.00963054988970935,0.17989915934125555,0.030188287572636696,0.0605872217519825,0.030188287572636696,Regression
LAO,Laos,2012,2.2763844271295284,2.2477872911657015,2.1613478616522332,2.1539727911691893,2.1683383310944224,2.1539727911691893,0.028597135963826847,0.11503656547729513,0.1224116359603391,0.10804609603510595,0.1224116359603391,Regression
LAO,Laos,2013,2.341430728962237,2.358837542114689,2.3291069596155545,2.2763844271295284,2.318487193210699,2.2763844271295284,0.01740681315245185,0.012323769346682667,0.06504630183270876,0.022943535751537958,0.06504630183270876,NeuralNetwork
LAO,Laos,2014,2.4429031509261585,2.462299750890655,2.4080679492742476,2.341430728962237,2.4070270248964367,2.341430728962237,0.019396599964496275,0.034835201651910896,0.10147242196392137,0.03587612602972179,0.10147242196392137,Regression
LAO,Laos,2015,3.1425780087023067,2.5604724311290523,2.517396226716473,2.4429031509261585,2.533607662719148,2.4429031509261585,0.5821055775732544,0.6251817819858339,0.6996748577761482,0.6089703459831588,0.6996748577761482,Regression
LAO,Laos,2016,4.2042600149779945,2.8747150967898705,3.7092584246966274,3.1425780087023067,3.3164393585101757,3.515590798317611,1.329544918188124,0.49500159028136714,1.0616820062756878,0.8878206564678188,0.6886692166603834,NeuralNetwork
LAO,Laos,2017,4.618256072436215,3.468948481633637,5.4384406611712715,4.2042600149779945,4.527654798046911,5.450604086596447,1.1493075908025778,0.8201845887350565,0.41399605745822043,0.09060127438930365,0.8323480141602317,ARIMAX
LAO,Laos,2018,4.645733858301961,4.240372762783381,5.714614661316245,4.618256072436215,4.92686150588815,4.9076897500417225,0.4053610955185798,1.0688808030142845,0.027477785865746007,0.2811276475861888,0.2619558917397615,ARIMA
LAO,Laos,2019,4.554539631448722,4.665382053713032,5.630347842923297,4.645733858301961,4.891319948084826,4.642281510020423,0.11084242226431051,1.075808211474575,0.09119422685323908,0.3367803166361041,0.08774187857170102,ARIMAX_DUMMY
LAO,Laos,2020,4.562941458236151,4.715905998087367,5.42252702891478,4.554539631448722,4.7559948174813,4.4782522923297226,0.15296453985121605,0.8595855706786288,0.008401826787428845,0.1930533592451491,0.08468916590642817,ARIMA
LAO,Laos,2021,5.0788695423733765,4.97069585542044,4.842088915511036,4.562941458236151,4.746206267700682,4.602315491710024,0.10817368695293617,0.23678062686234025,0.5159280841372258,0.3326632746726945,0.47655405066335277,Regression
LAO,Laos,2022,5.0931028374494165,5.281148620560822,5.188026232743043,5.0788695423733765,5.30938741063148,5.095585989533436,0.18804578311140574,0.09492339529362681,0.014233295076039987,0.2162845731820635,0.002483152084019835,ARIMAX_DUMMY
LAO,Laos,2023,5.37159003276324,5.9155578028227955,5.398528881774429,5.0931028374494165,5.241625119381846,5.100180857439761,0.5439677700595551,0.026938849011188815,0.27848719531382393,0.1299649133813947,0.2714091753234795,NeuralNetwork
LAO,Laos,2024,5.347563437449444,6.3157976407132095,5.529616569650742,5.37159003276324,5.578178382153355,5.556909466703787,0.9682342032637656,0.1820531322012986,0.024026595313796584,0.23061494470391075,0.20934602925434298,ARIMA
MYS,Malaysia,1990,4.80819703910202,4.771918711486862,4.382790214591486,4.455490231964811,4.734612028607312,4.572175191944913,0.03627832761515837,0.42540682451053424,0.35270680713720903,0.07358501049470778,0.23602184715710717,Regression
MYS,Malaysia,1991,5.28343956406293,5.266909104138607,5.485800513311721,4.80819703910202,5.277031391965452,4.882123514787386,0.016530459924323004,0.20236094924879122,0.47524252496091,0.006408172097478015,0.4013160492755441,ARIMAX
MYS,Malaysia,1992,5.394760231344785,5.868192086779102,6.07541704682502,5.28343956406293,5.990387478540569,5.468475652660909,0.4734318554343169,0.6806568154802353,0.11132066728185475,0.5956272471957842,0.07371542131612419,ARIMAX_DUMMY
MYS,Malaysia,1993,5.3034923134822405,5.885753941917301,5.810958352307998,5.394760231344785,5.931752678935877,5.299277889386258,0.5822616284350604,0.5074660388257577,0.0912679178625444,0.6282603654536363,0.004214424095982494,ARIMAX_DUMMY
MYS,Malaysia,1994,5.610670920321369,5.9906522419445665,5.814003734430216,5.3034923134822405,5.539793471471342,5.334742759036919,0.3799813216231973,0.20333281410884663,0.3071786068391287,0.07087744885002678,0.2759281612844502,ARIMAX
MYS,Malaysia,1995,5.587779287762254,6.124731050633409,5.7391762894736305,5.610670920321369,6.030285219412528,5.763751080645925,0.5369517628711549,0.15139700171137616,0.02289163255911486,0.44250593165027396,0.17597179288367037,ARIMA
MYS,Malaysia,1996,6.15234842904972,6.1194548460141345,6.362944024743807,5.587779287762254,5.618431730839635,5.449717926079997,0.03289358303558565,0.2105955956940866,0.5645691412874658,0.5339166982100849,0.7026305029697228,Regression
MYS,Malaysia,1997,6.6089524794554135,6.459630198453931,6.3931829395347295,6.15234842904972,6.360951185257486,6.272235021514151,0.14932228100148226,0.21576953992068404,0.4566040504056934,0.2480012941979277,0.33671745794126284,Regression
MYS,Malaysia,1998,6.210580291073335,6.832554182830034,7.011548100272963,6.6089524794554135,6.814771630623996,6.6912731814773005,0.6219738917566984,0.8009678091996273,0.3983721883820781,0.6041913395506606,0.4806928904039651,ARIMA
MYS,Malaysia,1999,6.479423197070754,6.207341584144214,6.432976876425612,6.210580291073335,6.1832984380263465,6.098423469726491,0.27208161292653976,0.04644632064514198,0.26884290599741867,0.2961247590444076,0.38099972734426313,NeuralNetwork
MYS,Malaysia,2000,6.872943426575692,6.548783278260993,6.673662459146149,6.479423197070754,6.518361516868364,6.697960540709139,0.3241601483146992,0.1992809674295435,0.39352022950493826,0.3545819097073286,0.17498288586655342,ARIMAX_DUMMY
MYS,Malaysia,2001,7.056023287404208,7.37396780213898,7.29812629713452,6.872943426575692,7.170496947885695,6.883448089063104,0.3179445147347719,0.24210300973031273,0.18307986082851535,0.11447366048148755,0.17257519834110369,ARIMAX
MYS,Malaysia,2002,7.268335947380014,7.975662120883758,7.256468986903878,7.056023287404208,7.353444361007959,7.144705590580946,0.7073261735037439,0.011866960476136335,0.21231265997580628,0.08510841362794519,0.12363035679906798,NeuralNetwork
MYS,Malaysia,2003,7.631468287049361,8.52557165543504,7.667226349767017,7.268335947380014,7.732303345463729,7.306237260267932,0.8941033683856796,0.03575806271765547,0.3631323396693471,0.10083505841436757,0.3252310267814291,NeuralNetwork
MYS,Malaysia,2004,8.043771389312932,8.816133352228631,7.9987345568281185,7.631468287049361,8.177189738496262,7.801885010256676,0.7723619629156993,0.04503683248481316,0.4123031022635706,0.13341834918333006,0.24188637905625576,NeuralNetwork
MYS,Malaysia,2005,8.329927565224605,9.10601269893716,8.420403514653113,8.043771389312932,8.492714161542144,8.129235320396273,0.7760851337125558,0.09047594942850878,0.28615617591167286,0.1627865963175399,0.20069224482833192,NeuralNetwork
MYS,Malaysia,2006,8.442284360961347,9.756694459297595,8.963023573639427,8.329927565224605,8.722142078107069,8.392885913155327,1.3144100983362481,0.5207392126780803,0.1123567957367424,0.27985771714572216,0.049398447806019874,ARIMAX_DUMMY
MYS,Malaysia,2007,8.911739141176163,10.109179448243086,9.483954970657305,8.442284360961347,8.879067016586623,8.45981902873656,1.1974403070669233,0.5722158294811415,0.4694547802148161,0.032672124589540275,0.4519201124396037,ARIMAX
MYS,Malaysia,2008,9.172461328428788,10.622947069245175,9.920649699493516,8.911739141176163,9.46182918522269,9.074955674653125,1.4504857408163865,0.7481883710647281,0.2607221872526253,0.289367856793902,0.09750565377566289,ARIMAX_DUMMY
MYS,Malaysia,2009,8.385580856851563,10.337405278741727,9.734961393682397,9.172461328428788,9.602183579520796,9.205518329576142,1.951824421890164,1.349380536830834,0.7868804715772253,1.2166027226692329,0.819937472724579,ARIMA
MYS,Malaysia,2010,8.751823716098283,8.681025967884558,8.647555708957276,8.385580856851563,8.594592094907938,7.98857865237883,0.07079774821372453,0.10426800714100715,0.36624285924671973,0.15723162119034484,0.7632450637194532,Regression
MYS,Malaysia,2011,8.67342300721839,9.174241184876555,9.098461927133227,8.751823716098283,9.031912066989294,8.845904087677686,0.5008181776581644,0.42503891991483655,0.07840070887989192,0.3584890597709034,0.17248108045929555,ARIMA
MYS,Malaysia,2012,8.58330413573809,9.235023694857663,9.189287418889293,8.67342300721839,8.817412416020677,8.649193768214502,0.6517195591195737,0.605983283151204,0.09011887148030162,0.23410828028258734,0.06588963247641288,ARIMAX_DUMMY
MYS,Malaysia,2013,9.039109983292054,9.043046234860533,9.360686717288486,8.58330413573809,8.712675405073368,8.572934168329942,0.003936251568479321,0.32157673399643194,0.4558058475539646,0.32643457821868616,0.4661758149621118,Regression
MYS,Malaysia,2014,9.363119535204056,9.365726681011683,9.360038203681459,9.039109983292054,9.506538506340243,9.112288930174891,0.002607145807626665,0.003081331522597708,0.32400955191200254,0.14341897113618707,0.2508306050291651,Regression
MYS,Malaysia,2015,9.28985292960304,9.31887963974355,9.403827219875886,9.363119535204056,9.672050353904618,9.407130233138764,0.029026710140509948,0.11397429027284645,0.07326660560101672,0.38219742430157844,0.11727730353572419,Regression
MYS,Malaysia,2016,9.01243280642762,9.118453105997322,9.304837978050532,9.28985292960304,9.482069047678266,9.268772816077199,0.10602029956970149,0.2924051716229119,0.2774201231754194,0.4696362412506456,0.2563400096495787,Regression
MYS,Malaysia,2017,8.488389228166806,9.078125074861557,9.261630088527863,9.01243280642762,9.103290715410218,9.000267490320187,0.5897358466947509,0.7732408603610565,0.5240435782608142,0.6149014872434115,0.5118782621533811,ARIMAX_DUMMY
MYS,Malaysia,2018,8.84269368323331,10.05889668890466,9.957639294032102,8.488389228166806,8.31781636408342,8.340411311853348,1.2162030056713498,1.1149456107987916,0.35430445506650443,0.5248773191498906,0.5022823713799625,ARIMA
MYS,Malaysia,2019,8.73589095122587,9.678499562519747,8.670703521623443,8.84269368323331,9.3062633133895,8.916891152580103,0.9426086112938776,0.0651874296024264,0.10680273200744139,0.5703723621636314,0.18100020135423378,NeuralNetwork
MYS,Malaysia,2020,8.523522201145262,8.647936741933538,8.860488603328742,8.73589095122587,8.77933176075351,8.710050193750803,0.12441454078827618,0.33696640218347973,0.21236875008060707,0.2558095596082488,0.18652799260554076,Regression
MYS,Malaysia,2021,8.5557489719433,7.552589344929653,8.549803420742975,8.523522201145262,8.606127089174743,8.493949870663299,1.0031596270136474,0.005945551200325028,0.03222677079803837,0.05037811723144259,0.06179910128000188,NeuralNetwork
MYS,Malaysia,2022,9.014058396576178,10.218647282832755,8.786712487164307,8.5557489719433,8.565561496429568,8.555745594060271,1.2045888862565768,0.22734590941187172,0.45830942463287805,0.44849690014661014,0.45831280251590734,NeuralNetwork
MYS,Malaysia,2023,9.063650829358677,13.265222845286763,8.878636047249735,9.014058396576178,9.27420326318744,9.014057322573542,4.201572015928086,0.18501478210894184,0.049592432782498364,0.21055243382876299,0.04959350678513452,ARIMA
MYS,Malaysia,2024,9.34163492644752,11.049430093305766,8.955630581100218,9.063650829358677,9.263848808568579,9.07142249445762,1.7077951668582454,0.38600434534730255,0.27798409708884364,0.07778611787894185,0.27021243198990064,ARIMAX
MMR,Myanmar,1990,1.5878368900957025,1.5021390906693022,1.5857242750879192,1.6231319657378789,1.5857491671575106,1.6231319657378789,0.08569779942640032,0.0021126150077832584,0.03529507564217638,0.002087722938191927,0.03529507564217638,ARIMAX
MMR,Myanmar,1991,1.5347567373239206,1.5644672460546558,1.5284062724097023,1.5878368900957025,1.5286266202316643,1.5878368900957025,0.02971050873073522,0.006350464914218312,0.05308015277178191,0.006130117092256304,0.05308015277178191,ARIMAX
MMR,Myanmar,1992,1.6129462361999325,1.488636069715822,1.4699178427367139,1.5347567373239206,1.4731547283516353,1.5347567373239206,0.12431016648411042,0.1430283934632186,0.0781894988760119,0.1397915078482972,0.0781894988760119,Tie
MMR,Myanmar,1993,1.667743350636176,1.5039985817759076,1.801285153315289,1.6129462361999325,1.592940246846652,1.6129462361999325,0.16374476886026845,0.13354180267911286,0.05479711443624358,0.07480310378952404,0.05479711443624358,Tie
MMR,Myanmar,1994,1.729788435150488,1.5634328120837906,1.9024261248424814,1.667743350636176,1.709674386929438,1.667743350636176,0.16635562306669738,0.17263768969199345,0.0620450845143119,0.020114048221050007,0.0620450845143119,ARIMAX
MMR,Myanmar,1995,1.7789062018472896,1.5555697748887196,1.8377293236053878,1.729788435150488,1.79160819558206,1.729788435150488,0.22333642695857003,0.05882312175809812,0.04911776669680168,0.012701993734770323,0.04911776669680168,ARIMAX
MMR,Myanmar,1996,1.7543609225009649,1.8358681645102572,1.89964453602493,1.7789062018472896,1.9163058149355208,1.7789062018472896,0.08150724200929238,0.14528361352396524,0.024545279346324778,0.1619448924345559,0.024545279346324778,Tie
MMR,Myanmar,1997,1.6971525961432294,1.7906003172433123,1.8042295086870648,1.7543609225009649,1.814525560961837,1.7543609225009649,0.09344772110008281,0.10707691254383533,0.05720832635773543,0.11737296481860748,0.05720832635773543,Tie
MMR,Myanmar,1998,1.7177969086709768,1.7128003409575305,1.6512845764902446,1.6971525961432294,1.6939075691460306,1.6971525961432294,0.004996567713446254,0.06651233218073216,0.020644312527747344,0.023889339524946207,0.020644312527747344,Regression
MMR,Myanmar,1999,1.8397898495578835,1.7103349200457794,1.7449833549740732,1.7177969086709768,1.7355115699211725,1.7177969086709768,0.12945492951210413,0.0948064945838103,0.12199294088690671,0.10427827963671099,0.12199294088690671,NeuralNetwork
MMR,Myanmar,2000,1.886904683443613,1.7612778944779337,1.9934593859693395,1.8397898495578835,1.8801378451519033,1.8397898495578835,0.12562678896567925,0.10655470252572652,0.04711483388572946,0.006766838291709654,0.04711483388572946,ARIMAX
MMR,Myanmar,2001,1.8822297605484537,1.853923122733186,2.030269633901005,1.886904683443613,2.002959364656205,1.886904683443613,0.028306637815267655,0.14803987335255142,0.00467492289515925,0.12072960410775124,0.00467492289515925,Tie
MMR,Myanmar,2002,1.904426726279368,1.9409332961407002,1.9490028775142685,1.8822297605484537,1.9781928030485965,1.8822297605484537,0.03650656986133227,0.04457615123490055,0.02219696573091423,0.07376607676922853,0.02219696573091423,Tie
MMR,Myanmar,2003,2.017813713754194,1.9404089362567833,1.9276237759810377,1.904426726279368,1.9907370818790746,1.904426726279368,0.07740477749741048,0.09018993777315609,0.1133869874748259,0.027076631875119217,0.1133869874748259,ARIMAX
MMR,Myanmar,2004,2.072954017156003,2.01972609648136,2.140485625076291,2.017813713754194,2.09682776324233,2.017813713754194,0.05322792067464288,0.06753160792028812,0.0551403034018092,0.023873746086326975,0.0551403034018092,ARIMAX
MMR,Myanmar,2005,2.17515506700115,2.118387613576673,2.3925932640425795,2.072954017156003,2.183686690140078,2.086972424710359,0.05676745342447731,0.21743819704142942,0.10220104984514711,0.00853162313892808,0.08818264229079098,ARIMAX
MMR,Myanmar,2006,2.2588802982350056,2.3722439900557686,2.3709083916100195,2.17515506700115,2.343647936100671,2.206103009355541,0.113363691820763,0.11202809337501396,0.08372523123385545,0.08476763786566544,0.052777288879464646,ARIMAX_DUMMY
MMR,Myanmar,2007,2.290217174455304,2.459420166931328,2.4008875839825086,2.2588802982350056,2.40421707419167,2.2883192986580516,0.16920299247602388,0.11067040952720442,0.03133687622029857,0.11399989973636604,0.001897875797252535,ARIMAX_DUMMY
MMR,Myanmar,2008,2.2507215370494134,2.546678160671763,2.4056051880928315,2.290217174455304,2.403594010473401,2.3012780363124605,0.29595662362234965,0.15488365104341817,0.03949563740589079,0.15287247342398746,0.05055649926304717,ARIMA
MMR,Myanmar,2009,2.25292367258599,2.5116868995433492,2.2196679712624574,2.2507215370494134,2.2624449506556,2.237308843947506,0.2587632269573592,0.033255701323532616,0.002202135536576666,0.009521278069609895,0.015614828638483846,ARIMA
MMR,Myanmar,2010,2.2777768009395816,2.4836877772864376,2.243247620170565,2.25292367258599,2.2479805857409048,2.2536602066812446,0.20591097634685607,0.034529180769016676,0.024853128353591547,0.029796215198676812,0.02411659425833701,ARIMAX_DUMMY
MMR,Myanmar,2011,2.2159894552428563,2.4057253248064603,2.2978444302111662,2.2777768009395816,2.2606566457677006,2.2861002579693936,0.189735869563604,0.08185497496830996,0.06178734569672528,0.04466719052484436,0.07011080272653736,ARIMAX
MMR,Myanmar,2012,2.236637487402545,2.3270213127520076,2.2013216457927784,2.2159894552428563,2.190516979153153,2.196188465960446,0.09038382534946265,0.03531584160976653,0.02064803215968869,0.04612050824939207,0.04044902144209894,ARIMA
MMR,Myanmar,2013,2.284509108133517,2.223412364855394,2.2074104283115634,2.236637487402545,2.223809867273274,2.242840143644247,0.06109674327812309,0.07709867982195373,0.047871620730972175,0.060699240860243364,0.041668964489270266,ARIMAX_DUMMY
MMR,Myanmar,2014,2.376004688404482,2.283775840659355,2.2642504541577937,2.284509108133517,2.2631005065517,2.299219352036887,0.09222884774512696,0.11175423424668818,0.09149558027096472,0.11290418185278206,0.07678533636759477,ARIMAX_DUMMY
MMR,Myanmar,2015,2.43208447617431,2.3119513632383732,2.3084349009191376,2.376004688404482,2.3768542709124585,2.406763141055991,0.12013311293593665,0.12364957525517228,0.05607978776982803,0.055230205261851406,0.0253213351183188,ARIMAX_DUMMY
MMR,Myanmar,2016,2.515631597638762,2.414594084652942,2.481065085813312,2.43208447617431,2.4577145943337877,2.451895119359973,0.10103751298581987,0.0345665118254499,0.08354712146445209,0.05791700330497429,0.06373647827878903,NeuralNetwork
MMR,Myanmar,2017,2.80346418373214,2.548231085807032,2.418249801400177,2.515631597638762,2.544437902071273,2.547297446294506,0.25523309792510807,0.3852143823319629,0.28783258609337814,0.25902628166086705,0.25616673743763396,Regression
MMR,Myanmar,2018,2.32964540437682,2.6470811562536305,2.786418219774334,2.80346418373214,2.891278655524669,2.9548271190458593,0.3174357518768103,0.4567728153975139,0.4738187793553199,0.5616332511478488,0.625181714669039,Regression
MMR,Myanmar,2019,2.310863456579701,2.586291662480652,2.5263985345193594,2.32964540437682,2.244343205184552,2.32964540437682,0.27542820590095074,0.21553507793965831,0.01878194779711917,0.06652025139514883,0.01878194779711917,Tie
MMR,Myanmar,2020,2.32068599294386,2.475354176382952,2.4095669478836577,2.310863456579701,2.2248912740309765,2.310863456579701,0.15466818343909194,0.08888095493979753,0.009822536364159085,0.0957947189128836,0.009822536364159085,Tie
MMR,Myanmar,2021,2.271747209653748,2.31895118085969,2.2669928876506,2.32068599294386,2.24788874169379,2.32068599294386,0.047203971205942,0.0047543220031482925,0.04893878329011203,0.023858467959958052,0.04893878329011203,NeuralNetwork
MMR,Myanmar,2022,2.252366756964102,2.130891843280078,2.1543249567607585,2.271747209653748,2.2165121817332545,2.271747209653748,0.12147491368402408,0.09804180020334341,0.019380452689646166,0.03585457523084745,0.019380452689646166,Tie
MMR,Myanmar,2023,2.184189995314941,2.110460383515389,2.1579539639967136,2.252366756964102,2.1987367128529156,2.252366756964102,0.07372961179955206,0.026236031318227493,0.06817676164916087,0.01454671753797454,0.06817676164916087,ARIMAX
MMR,Myanmar,2024,2.1612349234426045,2.0315163604802624,2.099488643385102,2.184189995314941,2.114850134690802,2.184189995314941,0.12971856296234208,0.06174628005750238,0.022955071872336585,0.0463847887518023,0.022955071872336585,Tie
PHL,Philippines,1990,1.4638706377025374,1.5038991050029784,1.4800424217650452,1.4266194577187457,1.5053208393231026,1.4581999652005069,0.04002846730044096,0.016171784062507744,0.03725117998379179,0.04145020162056512,0.0056706725020305715,ARIMAX_DUMMY
PHL,Philippines,1991,1.421245784688261,1.5193457339949934,1.4711963919330517,1.4928350903412522,1.501349688454179,1.4638706377025374,0.09809994930673249,0.049950607244790834,0.07158930565299126,0.08010390376591814,0.04262485301427654,ARIMAX_DUMMY
PHL,Philippines,1992,1.4320984283544649,1.386469822137147,1.413292438763084,1.4085865055155866,1.386631607979292,1.421245784688261,0.0456286062173179,0.0188059895913808,0.023511922838878263,0.04546682037517291,0.010852643666203976,ARIMAX_DUMMY
PHL,Philippines,1993,1.467300293299539,1.392746338467797,1.4229045774666416,1.4389437714944513,1.4141702751922203,1.4320984283544649,0.07455395483174199,0.044395715832897364,0.02835652180508763,0.053130018107318655,0.035201864945074046,ARIMA
PHL,Philippines,1994,1.520285104058806,1.4563293549221497,1.4590152692967635,1.4543874001397512,1.466655268555586,1.467300293299539,0.06395574913665625,0.0612698347620424,0.0658977039190547,0.05362983550321987,0.052984810759266976,ARIMAX_DUMMY
PHL,Philippines,1995,1.6561830944200773,1.4821821759470883,1.5414177014332622,1.5212508671865264,1.4909204056897274,1.520285104058806,0.17400091847298893,0.1147653929868151,0.13493222723355092,0.16526268873034988,0.13589799036127137,NeuralNetwork
PHL,Philippines,1996,1.7010526159477344,1.5599731504663295,1.7559895506356178,1.6315401073249474,1.628667840816377,1.6561830944200773,0.14107946548140493,0.05493693468788341,0.06951250862278702,0.07238477513135733,0.04486952152765711,ARIMAX_DUMMY
PHL,Philippines,1997,1.7868099892286184,1.743409257444014,1.8193885258124665,1.716466749941325,1.8019359653499447,1.7010526159477344,0.04340073178460435,0.03257853658384802,0.07034323928729336,0.015125976121326268,0.08575737328088406,ARIMAX
PHL,Philippines,1998,1.6676275544185812,1.8884797253314138,1.8919955945700349,1.762765002079774,1.8725326003239862,1.7868099892286184,0.2208521709128326,0.22436804015145362,0.09513744766119281,0.20490504590540493,0.11918243481003721,ARIMA
PHL,Philippines,1999,1.6860052563457246,1.5456207282549677,1.6882597884666954,1.69570303744513,1.6789737536504823,1.6676275544185812,0.14038452809075697,0.0022545321209708202,0.009697781099405445,0.007031502695242331,0.018377701927143386,NeuralNetwork
PHL,Philippines,2000,1.667498122489738,1.5178855145606398,1.6718715758042562,1.6581264979888177,1.6351602323175949,1.6860052563457246,0.14961260792909825,0.004373453314518105,0.009371624500920328,0.03233789017214317,0.01850713385598657,NeuralNetwork
PHL,Philippines,2001,1.616929901821942,1.5741893933734188,1.6421688630657323,1.6951832476911333,1.6479637012571997,1.667498122489738,0.042740508448523284,0.025238961243790214,0.0782533458691912,0.031033799435257636,0.05056822066779598,NeuralNetwork
PHL,Philippines,2002,1.6199313800862318,1.647151879602092,1.5799628031396697,1.59280749072046,1.629105632494609,1.616929901821942,0.027220499515860253,0.039968576946562084,0.027123889365771925,0.009174252408377104,0.0030014782642897586,ARIMAX_DUMMY
PHL,Philippines,2003,1.624653826982503,1.7189323602972748,1.5903795475001565,1.641199918403607,1.6254930870406006,1.6199313800862318,0.09427853331477176,0.034274279482346515,0.01654609142110397,0.0008392600580975351,0.004722446896271215,ARIMAX
PHL,Philippines,2004,1.6312391816034966,1.7095209613280526,1.5913421905010703,1.602373995496709,1.6364474990576008,1.624653826982503,0.07828177972455608,0.03989699110242628,0.028865186106787677,0.0052083174541042165,0.006585354620993522,ARIMAX
PHL,Philippines,2005,1.647437540931496,1.7531544584317786,1.6024129191393048,1.6531684585652777,1.6633989397917877,1.6312391816034966,0.10571691750028256,0.045024621792191244,0.00573091763378164,0.015961398860291576,0.016198359327999512,ARIMA
PHL,Philippines,2006,1.5371462257431896,1.617638156589883,1.638923137627375,1.625327465336576,1.6327060983114392,1.647437540931496,0.08049193084669337,0.10177691188418536,0.0881812395933863,0.0955598725682496,0.11029131518830648,Regression
PHL,Philippines,2007,1.6052210226662842,1.4828086807212821,1.554646010903272,1.5617176002278985,1.5190344007917105,1.5371462257431896,0.12241234194500206,0.050575011763012157,0.043503422438385675,0.08618662187457371,0.0680747969230946,ARIMA
PHL,Philippines,2008,1.597764250017759,1.5519348869195226,1.5724282593010275,1.5791945952720157,1.571071440767627,1.6052210226662842,0.045829363098236264,0.025335990716731427,0.018569654745743236,0.026692809250131955,0.007456772648525289,ARIMAX_DUMMY
PHL,Philippines,2009,1.5943274434028982,1.6958476766939004,1.5866457967832965,1.6233462813506139,1.613619696121615,1.597764250017759,0.10152023329100213,0.00768164661960169,0.029018837947715648,0.019292252718716707,0.003436806614860677,ARIMAX_DUMMY
PHL,Philippines,2010,1.6259962086267363,1.6684876191332507,1.5772960251372556,1.5696258377697465,1.5907172508665368,1.5873927029073023,0.04249141050651439,0.048700183489480686,0.056370370856989815,0.035278957760199514,0.03860350571943405,ARIMAX
PHL,Philippines,2011,1.6057152724821135,1.8686303363443324,1.6581333037717063,1.6487588194220548,1.6807326481395994,1.631161491470156,0.26291506386221886,0.05241803128959277,0.04304354693994128,0.0750173756574859,0.025446218988042446,ARIMAX_DUMMY
PHL,Philippines,2012,1.6278708912413644,1.8107384715980697,1.6112576880449612,1.585660846311288,1.645328578430688,1.601338227786848,0.18286758035670525,0.016613203196403248,0.04221004493007641,0.0174576871893235,0.026532663454516436,NeuralNetwork
PHL,Philippines,2013,1.6973875316214329,1.7610478479547154,1.635702448831811,1.6446401467569847,1.639187515255582,1.6317703298341037,0.06366031633328251,0.061685082789621815,0.05274738486444819,0.058200016365850926,0.0656172017873291,ARIMA
PHL,Philippines,2014,1.745624071900225,1.8065558746986699,1.776843935071299,1.6763381313009578,1.7375588515722087,1.6932018576783867,0.0609318027984449,0.031219863171074058,0.06928594059926718,0.008065220328016265,0.05242221422183824,ARIMAX
PHL,Philippines,2015,1.8101641248593527,1.800078187271926,1.7920910264420515,1.7615913305079463,1.7636455180665176,1.748998023061394,0.010085937587426708,0.018073098417301203,0.04857279435140649,0.04651860679283515,0.06116610179795878,Regression
PHL,Philippines,2016,1.898361690897496,1.8443024728113553,1.8805129415261872,1.789386352390893,1.83735434099616,1.8066968392725644,0.05405921808614078,0.01784874937130887,0.10897533850660301,0.06100734990133616,0.09166485162493165,NeuralNetwork
PHL,Philippines,2017,2.0422486771211976,2.001061830815657,1.9799275781927297,1.9093053670323703,1.9893565621339155,1.9013009112512396,0.04118684630554048,0.06232109892846793,0.13294331008882732,0.05289211498728208,0.14094776586995805,Regression
PHL,Philippines,2018,2.072858037635255,2.112295629996302,2.1146374273294355,2.0764257168681084,2.1215532220968805,2.0422486771211976,0.039437592361046825,0.04177938969418049,0.0035676792328533935,0.04869518446162546,0.030609360514057382,ARIMA
PHL,Philippines,2019,2.122804683264154,2.2399518863683583,2.1976257979223317,2.098820008755276,2.227165070030995,2.072858037635255,0.11714720310420423,0.07482111465817765,0.02398467450887809,0.104360386766841,0.049946645628899056,ARIMA
PHL,Philippines,2020,2.0087648190691354,2.2580900158116335,2.244470589459458,2.1486305754402317,2.230801755254135,2.122804683264154,0.2493251967424981,0.23570577039032248,0.13986575637109633,0.22203693618499942,0.11403986419501866,ARIMAX_DUMMY
PHL,Philippines,2021,2.0832097343125766,1.9043268284406354,2.0418198333526147,2.0318227135721165,1.995611325911657,2.0087648190691354,0.17888290587194122,0.04138990095996187,0.05138702074046009,0.08759840840091959,0.07444491524344121,NeuralNetwork
PHL,Philippines,2022,2.1287071399475863,2.10317243698223,2.110558287013661,2.05924344614264,2.1068457712659443,2.0786611744512014,0.025534702965356093,0.01814885293392532,0.06946369380494621,0.021861368681642013,0.05004596549638496,NeuralNetwork
PHL,Philippines,2023,2.21541251388629,2.2583438522114827,2.2047992446688474,2.1511930715125085,2.1651676905271064,2.133089155433631,0.04293133832519258,0.010613269217442767,0.06421944237378163,0.05024482335918368,0.08232335845265926,NeuralNetwork
PHL,Philippines,2024,2.3013540575846743,2.226344705111008,2.243031773833436,2.191668959981043,2.234312759335746,2.2075176445199456,0.07500935247366636,0.05832228375123805,0.10968509760363121,0.06704129824892835,0.09383641306472867,NeuralNetwork
SGP,Singapore,1990,11.077596900954736,9.022941768762688,9.097240377850715,8.837007443217493,9.10326284399852,8.80780471992823,2.054655132192048,1.980356523104021,2.2405894577372436,1.9743340569562164,2.2697921810265065,ARIMAX
SGP,Singapore,1991,11.420558881535191,11.216436960860719,11.007391412956986,12.000087107337388,11.512255358505879,12.594912113544014,0.20412192067447243,0.4131674685782052,0.5795282258021963,0.09169647697068761,1.1743532320088228,ARIMAX
SGP,Singapore,1992,11.332968912600313,12.512964233533399,13.611951589282047,11.848948430008422,12.319844117995158,12.140025527966321,1.1799953209330862,2.278982676681734,0.515979517408109,0.9868752053948455,0.8070566153660081,ARIMA
SGP,Singapore,1993,12.811942521905276,12.562777349908444,12.274314289121033,11.614334331694844,12.139021349623471,11.793329940814733,0.2491651719968324,0.5376282327842432,1.197608190210433,0.6729211722818054,1.0186125810905438,Regression
SGP,Singapore,1994,13.277760359023915,14.253640935246304,13.649044380070785,13.31175874791954,13.931503707293677,13.625970279799049,0.975880576222389,0.3712840210468702,0.03399838889562545,0.6537433482697619,0.34820992077513324,ARIMA
SGP,Singapore,1995,13.28574841410399,15.447640467014093,13.868483739992838,13.760758431821257,14.306414456623038,14.022724584163745,2.161892052910103,0.5827353258888479,0.4750100177172669,1.0206660425190481,0.736976170059755,ARIMA
SGP,Singapore,1996,13.291782720698809,15.875741574567762,13.585012745712898,13.67273634414925,13.864944396991236,13.850752861702603,2.5839588538689533,0.2932300250140898,0.38095362345044137,0.5731616762924272,0.5589701410037939,NeuralNetwork
SGP,Singapore,1997,13.260747126345942,14.980498577897826,13.308504586547166,13.624860707544878,14.111899323635456,13.746858752324822,1.7197514515518844,0.04775746020122362,0.3641135811989358,0.8511521972895135,0.48611162597888047,NeuralNetwork
SGP,Singapore,1998,13.946760718097032,13.953745998466184,13.209297597139217,13.561406822286733,13.92058105392984,13.63550540863881,0.006985280369152136,0.7374631209578144,0.3853538958102991,0.02617966416719142,0.3112553094582218,Regression
SGP,Singapore,1999,13.320078217142246,15.274972789549132,14.040531294087808,14.267320200112197,14.878568846002782,14.375012609309337,1.9548945724068858,0.7204530769455619,0.9472419829699508,1.558490628860536,1.054934392167091,NeuralNetwork
SGP,Singapore,2000,14.211744271872572,15.026871613451231,13.454416463770588,13.597710642166785,13.612310639950923,13.598904855164468,0.8151273415786591,0.7573278081019836,0.6140336297057871,0.5994336319216487,0.6128394167081037,ARIMAX
SGP,Singapore,2001,14.201747119148036,15.990682973523134,14.11482298420181,14.512038039460956,14.656880122941994,14.559866899294818,1.7889358543750973,0.08692413494622642,0.3102909203129194,0.45513300379395716,0.35811978014678125,NeuralNetwork
SGP,Singapore,2002,12.309510410804728,14.442159850950759,14.16874076912707,14.491609284012792,14.470565949268494,14.506051805489156,2.1326494401460305,1.8592303583223408,2.182098873208064,2.1610555384637653,2.196541394684427,NeuralNetwork
SGP,Singapore,2003,12.104715970979088,14.351239315330464,12.933349170482478,12.172598508161508,12.47382432173579,12.042948826331275,2.2465233443513757,0.8286331995033898,0.06788253718242032,0.36910835075670256,0.06176714464781341,ARIMAX_DUMMY
SGP,Singapore,2004,12.59292805947396,13.346141573662786,11.449130405918444,11.966187046839977,12.013881360632475,12.111155834417891,0.7532135141888254,1.1437976535555165,0.6267410126339836,0.579046698841486,0.4817722250560692,ARIMAX_DUMMY
SGP,Singapore,2005,11.798384438700516,14.738109678460875,11.7286525694076,12.5817988472232,12.658489647181574,12.662624789102903,2.9397252397603584,0.06973186929291586,0.7834144085226828,0.8601052084810572,0.8642403504023868,NeuralNetwork
SGP,Singapore,2006,11.496115409651322,14.860298420947842,11.020173444896429,11.712854933023355,11.677923390139513,11.699498543118363,3.36418301129652,0.4759419647548935,0.2167395233720324,0.18180798048819113,0.20338313346704062,ARIMAX
SGP,Singapore,2007,11.15098530074212,14.516078883852442,10.64995058038303,11.60826578054543,11.26900882901202,11.360050498637907,3.3650935831103226,0.5010347203590904,0.45728047980331077,0.11802352826989981,0.2090651978957876,ARIMAX
SGP,Singapore,2008,10.424420733496492,12.823813494531029,10.23178076836816,11.002165567298327,10.914754784023708,10.999125478615117,2.3993927610345374,0.19263996512833081,0.5777448338018356,0.4903340505272169,0.5747047451186251,NeuralNetwork
SGP,Singapore,2009,10.315117192269668,15.933025182280122,10.19516006747922,10.203062511552497,9.717741756922932,10.196765692933415,5.617907990010455,0.11995712479044762,0.11205468071717029,0.597375435346736,0.11835149933625289,ARIMA
SGP,Singapore,2010,11.434698542290592,13.560172314892538,10.72236965196819,10.134804659527038,10.019573076989335,10.132844133188465,2.1254737726019464,0.7123288903224019,1.2998938827635538,1.4151254653012568,1.301854409102127,NeuralNetwork
SGP,Singapore,2011,11.661022036820116,11.405148825781785,10.00693941242289,11.443670200501437,11.55994177540523,11.60842337476388,0.25587321103833105,1.6540826243972262,0.21735183631867905,0.1010802614148858,0.05259866205623531,ARIMAX_DUMMY
SGP,Singapore,2012,11.028403725070056,9.439315885860044,11.47561252474135,11.698109488637538,11.770853865870475,11.668647520080853,1.5890878392100127,0.44720879967129434,0.6697057635674817,0.7424501408004183,0.6402437950107966,NeuralNetwork
SGP,Singapore,2013,11.48572685909406,9.755752050929768,11.618055824612227,11.002337121847413,11.099940211760225,10.984489402322904,1.7299748081642914,0.13232896551816786,0.4833897372466467,0.38578664733383405,0.5012374567711557,NeuralNetwork
SGP,Singapore,2014,11.684574943818006,11.074041182092696,11.87471912401934,11.607672149810279,11.714760796162187,11.630683580922014,0.6105337617253106,0.19014418020133306,0.07690279400772759,0.030185852344180475,0.0538913628959925,ARIMAX
SGP,Singapore,2015,11.878351624805196,11.292527392285894,10.555981967063133,11.631633537687792,11.835460694234122,11.621293661235024,0.5858242325193022,1.3223696577420636,0.2467180871174044,0.04289093057107429,0.25705796357017263,ARIMAX
SGP,Singapore,2016,11.39202355222663,13.179170218434018,12.187873840818877,11.96577631329384,12.08234655682401,11.976574434254008,1.7871466662073878,0.7958502885922467,0.57375276106721,0.6903230045973796,0.5845508820273775,ARIMA
SGP,Singapore,2017,12.312809133871903,12.866337909783367,11.721626610434445,11.214461945858245,11.541763790451068,11.197934293495772,0.5535287759114631,0.5911825234374586,1.0983471880136584,0.7710453434208357,1.1148748403761317,Regression
SGP,Singapore,2018,11.897544742772949,13.541444507615259,12.379302426662543,12.61073560801082,12.626459286921763,12.41146584372801,1.6438997648423097,0.48175768388959384,0.7131908652378716,0.7289145441488145,0.513921100955061,NeuralNetwork
SGP,Singapore,2019,12.200693986519669,13.002889495979966,12.52944552900764,11.641398223890885,12.137734200252634,11.897544742772949,0.8021955094602973,0.32875154248797145,0.5592957626287838,0.0629597862670348,0.30314924374672003,ARIMAX
SGP,Singapore,2020,11.971475641012788,13.221445073474317,12.286945324239818,12.311616638272774,12.37205666418788,12.200693986519669,1.2499694324615298,0.31546968322703073,0.3401409972599865,0.4005810231750928,0.22921834550688125,ARIMAX_DUMMY
SGP,Singapore,2021,12.953946096920804,10.838944601197966,12.264246806190897,11.959010003521445,12.11312824510837,11.971475641012788,2.1150014957228382,0.6896992907299069,0.9949360933993585,0.8408178518124334,0.9824704559080164,NeuralNetwork
SGP,Singapore,2022,12.756380940148894,10.003560794355836,12.79784883067951,13.05608713763762,13.246981223584168,12.953946096920804,2.7528201457930574,0.04146789053061539,0.2997061974887263,0.49060028343527406,0.1975651567719101,NeuralNetwork
SGP,Singapore,2023,12.233390698466687,10.846958986067337,13.091987898579445,12.817599189525017,12.900069243473009,12.785087925364158,1.3864317123993501,0.858597200112758,0.5842084910583303,0.666678545006322,0.5516972268974705,ARIMAX_DUMMY
SGP,Singapore,2024,12.604698469071668,11.636684157640433,12.961668494115875,12.214730389023222,12.413352005554874,12.233390698466687,0.9680143114312347,0.35697002504420716,0.38996808004844574,0.19134646351679407,0.37130777060498055,ARIMAX
THA,Thailand,1990,3.3483320252614948,3.273445055918952,3.2971628332943945,3.21527366195465,3.290565241866216,3.2203982696980464,0.07488696934254291,0.051169191967100236,0.13305836330684473,0.05776678339527885,0.12793375556344833,NeuralNetwork
THA,Thailand,1991,3.552951417565375,3.780873087931919,3.675125417939337,3.526474599410872,3.704377197131022,3.6540587262375275,0.22792167036654387,0.12217400037396198,0.02647681815450298,0.1514257795656473,0.10110730867215256,ARIMA
THA,Thailand,1992,3.6890040930262247,3.977348633279571,3.9320346528127974,3.702412833801845,3.9275124656515112,3.708564489577568,0.28834454025334644,0.24303055978657273,0.013408740775620487,0.23850837262528657,0.019560396551343118,ARIMA
THA,Thailand,1993,3.8899775255095097,4.037427478423364,3.994897290439013,3.787360136088665,4.010664261357669,3.7904297590352694,0.14744995291385443,0.1049197649295035,0.10261738942084486,0.12068673584815937,0.09954776647424035,ARIMAX_DUMMY
THA,Thailand,1994,4.105413559506011,4.223462933336224,4.211642101722481,4.043663230840582,4.184935169778624,4.049347207054642,0.11804937383021308,0.1062285422164706,0.061750328665429066,0.07952161027261351,0.05606635245136893,ARIMAX_DUMMY
THA,Thailand,1995,4.323290077442588,4.478239646436631,4.358204641425732,4.2772531826954525,4.384171366123771,4.283709264493696,0.15494956899404233,0.03491456398314341,0.046036894747135904,0.060881288681182255,0.03958081294889215,NeuralNetwork
THA,Thailand,1996,4.5913819451194176,4.863443209817452,4.58515492898786,4.502010495554996,4.634777381759469,4.508600718193756,0.27206126469803404,0.006227016131557406,0.08937144956442111,0.04339543664005152,0.08278122692566114,NeuralNetwork
THA,Thailand,1997,4.602439104399628,4.990289513144371,4.850430451003202,4.821130532558943,4.920970870370218,4.853873275749039,0.3878504087447432,0.24799134660357414,0.21869142815931486,0.3185317659705902,0.2514341713494108,ARIMA
THA,Thailand,1998,4.158549463831439,4.966330430788672,4.820715487870255,4.610731527174103,4.843824763703079,4.61094034706009,0.8077809669572336,0.6621660240388163,0.4521820633426641,0.6852752998716403,0.4523908832286514,ARIMA
THA,Thailand,1999,4.261075085856455,4.220707297930258,4.225236205705146,3.83840703260085,4.162141451516751,3.8217856545823023,0.040367787926196996,0.035838880151309205,0.4226680532556051,0.09893363433970404,0.4392894312741529,NeuralNetwork
THA,Thailand,2000,4.231011661013796,4.246783637998689,4.233188570302446,4.308487872205174,4.207961090825588,4.309817823055551,0.015771976984892966,0.0021769092886501085,0.07747621119137804,0.02305057018820822,0.07880616204175439,NeuralNetwork
THA,Thailand,2001,4.37787753089925,4.181420773554473,4.256480609108335,4.217425918819583,4.157053819578554,4.217066431896474,0.19645675734477663,0.12139692179091455,0.16045161207966707,0.2208237113206959,0.16081109900277557,NeuralNetwork
THA,Thailand,2002,4.540145892948757,4.258681617217414,4.355074140417022,4.443248294398747,4.356221158165132,4.444988233457803,0.28146427573134236,0.18507175253173447,0.09689759855000979,0.18392473478362437,0.09515765949095378,ARIMAX_DUMMY
THA,Thailand,2003,4.705383531268636,4.588660403436666,4.684317009339756,4.615480789863844,4.6620398330467765,4.617438280047603,0.11672312783196936,0.021066521928879922,0.08990274140479126,0.04334369822185913,0.0879452512210328,NeuralNetwork
THA,Thailand,2004,4.996483914399193,4.95872591806191,4.855980532917629,4.78523241930137,4.8631092039884365,4.787243798639324,0.03775799633728294,0.14050338148156438,0.21125149509782304,0.13337471041075677,0.20924011575986956,Regression
THA,Thailand,2005,5.133072452695061,5.293721951493097,5.146660066002335,5.149496582352809,5.201711093366804,5.153683442171539,0.16064949879803603,0.01358761330727365,0.01642412965774742,0.0686386406717423,0.020610989476478103,NeuralNetwork
THA,Thailand,2006,5.166138640208424,5.422381327692072,5.29581005761729,5.204199859116022,5.354812319035684,5.2058796088393064,0.2562426874836481,0.12967141740886579,0.03806121890759773,0.18867367882725983,0.03974096863088228,ARIMA
THA,Thailand,2007,5.2919497924321455,5.488463546273035,5.347795650106221,5.183181705737784,5.336517483634383,5.183559916973781,0.19651375384088965,0.05584585767407546,0.10876808669436144,0.04456769120223747,0.10838987545836432,ARIMAX
THA,Thailand,2008,5.279377366077377,5.783951341102423,5.52297921337486,5.357304371675711,5.438098684030006,5.358747418382532,0.5045739750250462,0.2436018472974837,0.0779270055983341,0.15872131795262945,0.0793700523051557,ARIMA
THA,Thailand,2009,5.201028815162648,5.483650174522566,5.4151425247926515,5.2729760254789655,5.440379755619182,5.272842430778175,0.2826213593599185,0.21411370963000387,0.0719472103163179,0.23935094045653482,0.07181361561552713,ARIMAX_DUMMY
THA,Thailand,2010,5.452804249063135,5.572707615326349,5.37340252929979,5.161042192316118,5.3260160061839334,5.160225568169274,0.1199033662632143,0.07940171976334476,0.29176205674701716,0.12678824287920154,0.2925786808938611,NeuralNetwork
THA,Thailand,2011,5.419487483104664,5.9028858287586985,5.4983380089900615,5.574849437732768,5.617756111433885,5.577525826533829,0.4833983456540345,0.07885052588539754,0.15536195462810376,0.1982686283292212,0.15803834342916456,NeuralNetwork
THA,Thailand,2012,5.653602539704924,5.558955756581746,5.445947016597579,5.404646611682567,5.5132764989136795,5.4043570896951465,0.09464678312317787,0.20765552310734492,0.24895592802235633,0.1403260407912441,0.24924545000977716,Regression
THA,Thailand,2013,5.782318574209786,5.8603333424984285,5.71365293012725,5.755808180477232,5.818467092500282,5.757910793152642,0.07801476828864295,0.06866564408253595,0.02651039373255326,0.03614851829049659,0.024407781057143474,ARIMAX_DUMMY
THA,Thailand,2014,5.635527967432437,6.078172796636919,5.895925724643489,5.839299952706725,5.988590055229448,5.840387462944779,0.44264482920448156,0.2603977572110523,0.20377198527428764,0.353062087797011,0.20485949551234217,ARIMA
THA,Thailand,2015,5.690076217598625,5.955223402909377,5.8105039622737955,5.574186606783031,5.752239051693907,5.573035530724312,0.2651471853107523,0.1204277446751707,0.11588961081559379,0.06216283409528245,0.11704068687431324,ARIMAX
THA,Thailand,2016,5.660327406040892,6.18080844591179,5.717024167155977,5.712021705257514,5.806127034987775,5.712413899654815,0.5204810398708979,0.05669676111508526,0.05169429921662161,0.14579962894688325,0.052086493613923146,ARIMA
THA,Thailand,2017,5.714386332346203,5.968054621893481,5.630525092903913,5.648431254549997,5.705747514729884,5.648224756434134,0.25366828954727794,0.08386123944229062,0.06595507779620657,0.008638817616319017,0.06616157591206928,ARIMAX
THA,Thailand,2018,5.63378243290725,5.990390152913042,5.691732374027502,5.735913901565086,5.775039959566983,5.736278918770392,0.3566077200057922,0.057949941120252646,0.10213146865783607,0.14125752665973312,0.10249648586314208,NeuralNetwork
THA,Thailand,2019,5.738913128191917,6.0771108683698625,5.632516810071861,5.60208538395296,5.72505643450619,5.601558771166841,0.3381977401779457,0.10639631812005579,0.13682774423895694,0.013856693685727173,0.13735435702507548,ARIMAX
THA,Thailand,2020,5.637927600718042,6.102118049701749,5.674434676715643,5.779199021712805,5.818567715864291,5.779856682339402,0.4641904489837074,0.03650707599760139,0.1412714209947632,0.18064011514624934,0.14192908162136053,NeuralNetwork
THA,Thailand,2021,5.558524050497236,6.238135968305112,5.649391822090951,5.600584231765013,5.688746118262251,5.653874789326332,0.6796119178078763,0.0908677715937154,0.042060181267777,0.13022206776501477,0.0953507388290964,ARIMA
THA,Thailand,2022,5.823785933985192,6.156244470672826,5.619260362621441,5.528849572130368,5.565443109710938,5.564736569498528,0.3324585366876338,0.20452557136375127,0.2949363618548242,0.25834282427425403,0.25904936448666405,NeuralNetwork
THA,Thailand,2023,5.727320139127772,5.833931556061107,5.75344121266993,5.917262959065017,5.792801799087703,5.859289685142122,0.10661141693333498,0.02612107354215798,0.1899428199372446,0.06548165995993127,0.13196954601434996,NeuralNetwork
THA,Thailand,2024,5.893665724865729,5.795663682654352,5.718369495113773,5.697406420185641,5.687262945661806,5.689388112734923,0.09800204221137676,0.17529622975195558,0.1962593046800878,0.20640277920392247,0.20427761213080586,Regression
TLS,Timor-Leste,1990,0.6966574383996738,0.6551601920371186,0.6551601920371186,0.6889679041300172,0.6551601920371186,0.6866145411561823,0.04149724636255514,0.04149724636255514,0.007689534269656573,0.04149724636255514,0.0100428972434915,ARIMA
TLS,Timor-Leste,1991,0.7732455497906917,0.6966574383996738,0.6966574383996738,0.7441131277909403,0.6966574383996738,0.7315771744105615,0.07658811139101795,0.07658811139101795,0.029132421999751412,0.07658811139101795,0.04166837538013024,ARIMA
TLS,Timor-Leste,1992,0.7631505858744579,0.8086740890531897,0.7791310985431168,0.8345446750016065,0.7790684707176688,0.8391756445864695,0.04552350317873177,0.015980512668658853,0.07139408912714851,0.015917884843210883,0.0760250587120116,ARIMAX
TLS,Timor-Leste,1993,0.8038352302124204,0.799343421951153,0.7602864105339413,0.7449282530772963,0.7631201857923414,0.7550775341579467,0.004491808261267383,0.04354881967847912,0.05890697713512416,0.040715044420079005,0.048757696054473776,Regression
TLS,Timor-Leste,1994,0.8807651454778193,0.8188321719060503,0.81004894515437,0.8045890805918973,0.8053853619029977,0.8361611682994692,0.06193297357176897,0.07071620032344927,0.07617606488592199,0.07537978357482156,0.044603977178350074,ARIMAX_DUMMY
TLS,Timor-Leste,1995,0.8680567554305382,0.891440533449912,0.9825345342069807,0.9710289971130406,0.8911344943431786,0.9433288189171862,0.023383778019373858,0.1144777787764425,0.10297224168250241,0.023077738912640422,0.07527206348664806,ARIMAX
TLS,Timor-Leste,1996,0.898482766658971,0.9004322142982168,0.9607734438240686,0.871649226226454,0.8718681288553641,0.8584365644135902,0.0019494476392458715,0.06229067716509762,0.026833540432516956,0.026614637803606844,0.0400462022453808,Regression
TLS,Timor-Leste,1997,0.8624223710836648,0.9217660665755005,0.9919283077412084,0.9008641318574074,0.9031087423090152,0.9213649066106159,0.05934369549183571,0.12950593665754362,0.03844176077374262,0.04068637122535035,0.058942535526951056,ARIMA
TLS,Timor-Leste,1998,0.9486170201478998,0.8933597866876414,0.890176177050367,0.8446337892287951,0.8634158783634202,0.8359245905424995,0.05525723346025846,0.058440843097532835,0.10398323091910477,0.08520114178447968,0.11269242960540038,Regression
TLS,Timor-Leste,1999,1.0861426361901385,0.8980247125988231,0.9597930737171025,1.000772879337104,0.9493651412980305,1.008628316355286,0.1881179235913154,0.12634956247303597,0.0853697568530345,0.136777494892108,0.07751431983485246,ARIMAX_DUMMY
TLS,Timor-Leste,2000,1.3724553341350283,0.7769444863014148,0.7993246026080955,1.215282558999296,1.0901992268960874,1.1900420084218188,0.5955108478336135,0.5731307315269328,0.15717277513573236,0.2822561072389409,0.18241332571320945,ARIMA
TLS,Timor-Leste,2001,1.330257100962882,0.8204810619429896,0.9016391247651642,1.6287858356660112,1.3742839644530784,1.6433172756539403,0.5097760390198924,0.4286179761977179,0.29852873470312913,0.044026863490196355,0.3130601746910582,ARIMAX
TLS,Timor-Leste,2002,1.2078588742195668,0.8568723807183194,1.4953437611722995,1.3165997601694244,1.3116218864370925,1.3080410970127307,0.35098649350124744,0.28748488695273267,0.10874088594985754,0.10376301221752571,0.10018222279316391,ARIMAX_DUMMY
TLS,Timor-Leste,2003,1.1795462427934795,0.8237861952572942,1.341005500527173,1.0933013603985724,1.16377286973247,1.141018082425258,0.3557600475361853,0.16145925773369352,0.08624488239490713,0.015773373061009455,0.03852816036822149,ARIMAX
TLS,Timor-Leste,2004,1.810942938883232,1.1113280031809745,1.3024637509683372,1.262181028203546,1.1792557787490414,1.1646644302559186,0.6996149357022576,0.5084791879148949,0.5487619106796862,0.6316871601341907,0.6462785086273135,NeuralNetwork
TLS,Timor-Leste,2005,2.125041257562129,1.067695459250874,1.4377174504351786,2.3604804555053143,1.8178852876543636,2.092848980317695,1.0573457983112549,0.6873238071269503,0.23543919794318535,0.3071559699077653,0.03219227724443385,ARIMAX_DUMMY
TLS,Timor-Leste,2006,2.212581033937233,1.7506009584196622,2.9960740326913835,2.2361291902860794,2.2022072398266186,2.275416147757566,0.4619800755175709,0.7834929987541503,0.023548156348846216,0.010373794110614565,0.06283511382033291,ARIMAX
TLS,Timor-Leste,2007,1.9661873102402356,2.171407274920774,1.8523970672485766,2.0972449646700677,2.267728914575327,2.252119227222364,0.20521996468053838,0.11379024299165907,0.13105765442983208,0.30154160433509136,0.2859319169821284,NeuralNetwork
TLS,Timor-Leste,2008,2.1096850243455,1.6592344767597478,0.7809020736512967,1.9698942122836578,1.8531490583145835,1.863278687231265,0.4504505475857523,1.3287829506942033,0.1397908120618423,0.25653596603091655,0.2464063371142351,ARIMA
TLS,Timor-Leste,2009,2.051508242489956,1.7920480351421222,3.285316916550482,2.2400098686062755,2.0992504223728115,2.158685433739778,0.2594602073478336,1.2338086740605263,0.1885016261163197,0.04774217988285567,0.10717719124982228,ARIMAX
TLS,Timor-Leste,2010,1.9186321483130035,2.0017388139486303,2.5153510161501806,2.1449225924175943,2.0804351249277837,2.032737028109125,0.08310666563562674,0.5967188678371771,0.22629044410459076,0.16180297661478016,0.11410487979612127,Regression
TLS,Timor-Leste,2011,2.002959808396092,1.6513386175812808,1.8945910732371622,1.7371081385482823,1.8851756994807927,1.8746840332594963,0.35162119081481125,0.10836873515892975,0.2658516698478097,0.11778410891529933,0.12827577513659572,NeuralNetwork
TLS,Timor-Leste,2012,2.303845764108257,1.6194894883797644,1.9969679578434985,2.1916039258859903,2.003007980263819,2.0291366211595268,0.6843562757284927,0.3068778062647586,0.11224183822226674,0.3008377838444378,0.2747091429487303,ARIMA
TLS,Timor-Leste,2013,2.0525677594190013,1.7729667830078428,2.4953976305392898,2.518817820766143,2.3153213379906528,2.4054887351120287,0.27960097641115844,0.4428298711202885,0.46625006134714164,0.2627535785716515,0.3529209756930274,ARIMAX
TLS,Timor-Leste,2014,1.827899582283825,1.9878414239181308,2.3377322119172437,1.8969623312531205,2.069808706495825,1.996185396996345,0.1599418416343057,0.5098326296334186,0.06906274896929543,0.24190912421199995,0.1682858147125199,ARIMA
TLS,Timor-Leste,2015,1.835070212283976,2.084466767402212,1.7864199022403755,1.7501275298373984,1.833010197061444,1.7679809494534613,0.249396555118236,0.04865031004360043,0.08494268244657754,0.0020600152225318524,0.06708926283051464,ARIMAX
TLS,Timor-Leste,2016,1.641276809149467,2.000197279756993,1.6233470498382871,1.9113187004516012,1.8233609026827315,1.836879651073529,0.3589204706075262,0.017929759311179794,0.2700418913021343,0.1820840935332646,0.19560284192406208,NeuralNetwork
TLS,Timor-Leste,2017,1.5141770851392062,1.7421757962113769,1.592871248894176,1.4297742163566471,1.6239330767304305,1.5926338390736547,0.22799871107217062,0.07869416375496985,0.08440286878255909,0.10975599159122429,0.07845675393444851,ARIMAX_DUMMY
TLS,Timor-Leste,2018,1.474498788754184,1.5923796184351302,1.6583863271706032,1.5201388085269338,1.4963887552742163,1.4804973405085056,0.11788082968094615,0.18388753841641914,0.045640019772749785,0.021889966520032278,0.005998551754321513,ARIMAX_DUMMY
TLS,Timor-Leste,2019,1.6215135920427075,1.5329351122642427,1.580267891838141,1.5080558874698495,1.4622105342101457,1.463957152464171,0.08857847977846478,0.04124570020456653,0.11345770457285798,0.15930305783256182,0.1575564395785365,NeuralNetwork
TLS,Timor-Leste,2020,1.4434566340862696,1.719724169390631,1.7462182399638873,1.6426849258782363,1.6205554215018627,1.6597404854507471,0.27626753530436154,0.3027616058776177,0.19922829179196677,0.17709878741559315,0.2162838513644776,ARIMAX
TLS,Timor-Leste,2021,1.4017075278915727,1.5465300359555556,1.4104235467566921,1.3725086369286905,1.445975825297439,1.4021830020603547,0.1448225080639829,0.008716018865119413,0.029198890962882196,0.04426829740586635,0.00047547416878201965,ARIMAX_DUMMY
TLS,Timor-Leste,2022,1.411602320902362,1.4017075278915727,1.4017075278915727,1.304065603580012,1.4017075278915727,1.392141931319095,0.009894793010789327,0.009894793010789327,0.10753671732235004,0.009894793010789327,0.019460389583267013,Tie
TLS,Timor-Leste,2023,1.3559336726659086,1.411602320902362,1.411602320902362,1.60814645689382,1.411602320902362,1.4093822919545411,0.055668648236453455,0.055668648236453455,0.2522127842279114,0.055668648236453455,0.05344861928863254,ARIMAX_DUMMY
TLS,Timor-Leste,2024,1.3851544796014388,1.2014042723952583,1.5811824381391633,1.0739845464512239,1.3514133729882036,1.3429245552450144,0.18375020720618052,0.19602795853772448,0.3111699331502149,0.03374110661323515,0.042229924356424364,ARIMAX
VNM,Vietnam,1990,1.402882657681561,1.4095204684065816,1.4095204684065816,1.4114798623164029,1.4095204684065816,1.4095204684065816,0.006637810725020676,0.006637810725020676,0.008597204634841926,0.006637810725020676,0.006637810725020676,Tie
VNM,Vietnam,1991,1.4358431959684133,1.402882657681561,1.402882657681561,1.405725595729228,1.402882657681561,1.402882657681561,0.0329605382868523,0.0329605382868523,0.030117600239185194,0.0329605382868523,0.0329605382868523,ARIMA
VNM,Vietnam,1992,1.472587221478265,1.4358431959684133,1.4358431959684133,1.4338631382489266,1.4358431959684133,1.4358431959684133,0.036744025509851674,0.036744025509851674,0.03872408322933829,0.036744025509851674,0.036744025509851674,Tie
VNM,Vietnam,1993,1.547663404955774,1.472587221478265,1.472587221478265,1.4660437457209694,1.472587221478265,1.472587221478265,0.0750761834775091,0.0750761834775091,0.08161965923480463,0.0750761834775091,0.0750761834775091,Tie
VNM,Vietnam,1994,1.6265512747121065,1.4610045869753814,1.5965608188994413,1.5354652130718778,1.554290876895066,1.547663404955774,0.1655466877367251,0.02999045581266513,0.0910860616402287,0.07226039781704041,0.07888786975633244,NeuralNetwork
VNM,Vietnam,1995,1.7181901886386026,1.421056664770031,1.4136385957003614,1.6149033423596022,1.6265512747121065,1.6265512747121065,0.2971335238685717,0.3045515929382412,0.10328684627900042,0.09163891392649615,0.09163891392649615,Tie
VNM,Vietnam,1996,1.808444852440688,1.5946363843627323,1.8218214830724717,1.7084713924716242,1.7319583608399545,1.7181901886386026,0.21380846807795573,0.013376630631783737,0.09997345996906382,0.07648649160073351,0.09025466380208536,NeuralNetwork
VNM,Vietnam,1997,1.877649755737439,1.7791894380168087,2.3355103767792578,1.8003456105934754,1.8639403654709144,1.8451690969553833,0.09846031772063024,0.4578606210418188,0.07730414514396355,0.013709390266524624,0.03248065878205564,ARIMAX
VNM,Vietnam,1998,1.9876756415633217,1.7799838711755602,2.2263879003954257,1.870757141984352,1.9104779406321517,1.909303867978748,0.20769177038776143,0.238712258832104,0.1169184995789696,0.07719770093116995,0.0783717735845737,ARIMAX
VNM,Vietnam,1999,2.046573793026932,1.8141137970393588,2.2630934346202074,1.9814230806511428,2.0112395939069048,2.081229128625972,0.23245999598757328,0.2165196415932753,0.06515071237578929,0.03533419912002733,0.034655335599039994,ARIMAX_DUMMY
VNM,Vietnam,2000,2.1209837036210604,2.0209512392922253,1.9703790894448279,2.0410075793636366,2.088271795195677,2.120569519936788,0.10003246432883506,0.1506046141762325,0.07997612425742373,0.032711908425383296,0.0004141836842723734,ARIMAX_DUMMY
VNM,Vietnam,2001,2.156370115691983,2.126607525287727,2.297817707191931,2.115938097259317,2.1653889406733593,2.194210397725224,0.029762590404255995,0.141447591499948,0.040432018432666084,0.009018824981376294,0.03784028203324086,ARIMAX
VNM,Vietnam,2002,2.321814603076333,2.1628047381761872,1.759510766543854,2.1517319848521623,2.193388796630406,2.2077853554061395,0.1590098649001459,0.5623038365324791,0.1700826182241708,0.12842580644592694,0.11402924767019362,ARIMAX_DUMMY
VNM,Vietnam,2003,2.401082593150398,2.3084292934111517,3.023276875923754,2.3169810783642895,2.377614190461295,2.4284956087935563,0.09265329973924619,0.6221942827733562,0.08410151478610839,0.023468402689102774,0.027413015643158456,ARIMAX
VNM,Vietnam,2004,2.656436811967632,2.403759214447982,3.1447968581828905,2.3966098566315903,2.4546198179442045,2.498990455813172,0.25267759751965,0.4883600462152584,0.2598269553360417,0.20181699402342756,0.1574463561544599,ARIMAX_DUMMY
VNM,Vietnam,2005,2.7772793842683594,2.721621661293188,2.974792036783668,2.6510997161222845,2.757427552170271,2.837262720541445,0.05565772297517135,0.19751265251530858,0.12617966814607495,0.019851832098088273,0.05998333627308572,ARIMAX
VNM,Vietnam,2006,2.816631658468757,2.9435370204521187,3.2270921099206435,2.7722768981561057,2.8925593565929364,2.946657294335166,0.12690536198336178,0.4104604514518866,0.04435476031265129,0.07592769812417943,0.13002563586640914,ARIMA
VNM,Vietnam,2007,2.931446925345294,3.018493195607692,3.7462801527343568,2.811926015628935,2.9157490442955423,2.937139397943179,0.0870462702623982,0.8148332273890628,0.11952090971635876,0.015697881049751672,0.005692472597885079,ARIMAX_DUMMY
VNM,Vietnam,2008,3.007882944387905,3.4315303635296717,2.9873059315509636,2.926989607072275,3.0467972979545945,3.05366849828262,0.4236474191417665,0.020577012836941577,0.0808933373156302,0.038914353566689375,0.04578555389471495,NeuralNetwork
VNM,Vietnam,2009,3.1885755563918576,3.320136499831171,3.1499818337583143,3.003681115154295,3.117108300515922,3.112893376780054,0.13156094343931324,0.038593722633543326,0.18489444123756282,0.07146725587593572,0.07568217961180368,NeuralNetwork
VNM,Vietnam,2010,3.3473202356334597,3.8156952033584943,3.426757777824272,3.184382843909851,3.333520101151435,3.3281611028688003,0.4683749677250346,0.07943754219081223,0.16293739172360855,0.013800134482024884,0.019159132764659415,ARIMAX
VNM,Vietnam,2011,3.341777260500296,3.885863109163573,3.646948351794717,3.3432261976036477,3.5256714798290645,3.500554471324731,0.5440858486632769,0.305171091294421,0.0014489371033516996,0.18389421932876848,0.15877721082443497,ARIMA
VNM,Vietnam,2012,3.3008515796764346,3.5007890348341606,3.215809385006926,3.3377908045645692,3.4627150705578615,3.4408544600325746,0.19993745515772599,0.08504219466950858,0.036939224888134614,0.16186349088142693,0.14000288035613995,ARIMA
VNM,Vietnam,2013,3.356824339375628,3.401172851172422,3.1228933590168175,3.2968589243047184,3.3836340056820084,3.3360651376755026,0.04434851179679411,0.23393098035881055,0.05996541507090969,0.026809666306380375,0.020759201700125463,ARIMAX_DUMMY
VNM,Vietnam,2014,3.491393688570425,3.2318262810477187,3.8604969782354126,3.353013554330297,3.4173912073498975,3.400270194858581,0.25956740752270635,0.3691032896649875,0.13838013424012807,0.07400248122052755,0.09112349371184392,ARIMAX
VNM,Vietnam,2015,3.7019419724285902,3.4766854334704327,3.5685561378811084,3.4877015701345973,3.5406494650353912,3.565573864286906,0.22525653895815756,0.13338583454748187,0.214240402293993,0.161292507393199,0.1363681081416841,NeuralNetwork
VNM,Vietnam,2016,3.876362196442798,3.9250676045433845,5.271153291448744,3.6981868032198593,3.7652710770871938,3.8161794610371755,0.048705408100586656,1.3947910950059463,0.17817539322293863,0.11109111935560412,0.060182735405622356,Regression
VNM,Vietnam,2017,3.8915976497131233,4.2347511861455,5.310535394698463,3.872647161916033,3.9507673418669538,4.0103257766275116,0.3431535364323768,1.4189377449853398,0.018950487797090076,0.0591696921538305,0.11872812691438828,ARIMA
VNM,Vietnam,2018,4.444636492834968,4.244248185962961,3.6585036185808724,3.8880116674688896,3.956714451141331,3.992977163494751,0.20038830687200715,0.7861328742540961,0.5566248253660788,0.4879220416936376,0.4516593293402176,Regression
VNM,Vietnam,2019,4.988074148729179,4.387409072456743,4.497443001336701,4.439317481645136,4.53193229765593,4.6709378869477405,0.6006650762724366,0.49063114739247826,0.5487566670840431,0.4561418510732489,0.31713626178143883,ARIMAX_DUMMY
VNM,Vietnam,2020,5.0260926397731,4.550280780860142,4.874709286961674,4.981717966093532,5.086491614597512,5.470808870401654,0.47581185891295785,0.15138335281142545,0.0443746736795676,0.06039897482441248,0.44471623062855414,ARIMA
VNM,Vietnam,2021,4.920189193121333,4.923590225329017,5.217270987828309,5.019950930674228,5.107784255854659,5.563410037759821,0.0034010322076838406,0.29708179470697615,0.09976173755289519,0.18759506273332605,0.6432208446384884,Regression
VNM,Vietnam,2022,4.960585381386188,5.17804073029438,5.182545216805432,4.913913811742675,4.982689698639011,5.518209695825002,0.2174553489081914,0.22195983541924313,0.0466715696435136,0.022104317252822803,0.5576243144388133,ARIMAX
VNM,Vietnam,2023,5.410180776120964,5.313710859455259,5.439136670257034,4.95452267914258,5.021149526792918,4.904807185838011,0.09646991666570504,0.028955894136069915,0.4556580969783841,0.38903124932804634,0.5053735902829537,NeuralNetwork
VNM,Vietnam,2024,5.785434077576547,3.8018662365494578,5.367630278192717,5.403832294341301,5.498530719440112,5.700416516740593,1.9835678410270896,0.4178037993838304,0.3816017832352463,0.28690335813643575,0.08501756083595424,ARIMAX_DUMMY
