Country_Code,Country_Name,Year,Actual_GHG,Predicted_GHG,Residual,Abs_Residual,Pct_Error
BRN,Brunei,1970,20.08465420533085,21.774387108290604,-1.6897329029597543,1.6897329029597543,-8.413054492674647
BRN,Brunei,1971,18.554099810761237,21.79049414323921,-3.2363943324779747,3.2363943324779747,-17.443014565443324
BRN,Brunei,1972,22.02631708500657,21.837814079550746,0.188503005455825,0.188503005455825,0.8558080986863663
BRN,Brunei,1973,26.805501835528503,21.92650583323485,4.878996002293654,4.878996002293654,18.201472340379553
BRN,Brunei,1974,26.94620584844356,26.796940456863215,0.14926539158034657,0.14926539158034657,0.5539384372697067
BRN,Brunei,1975,26.98045169861454,26.82435262816757,0.15609907044697025,0.15609907044697025,0.5785635918578265
BRN,Brunei,1976,30.71628964530857,26.965873051548733,3.7504165937598373,3.7504165937598373,12.209862053871648
BRN,Brunei,1977,30.750781263845653,27.026203879142578,3.7245773847030748,3.7245773847030748,12.112139046958587
BRN,Brunei,1978,30.410443493973144,26.96927572892976,3.441167765043385,3.441167765043385,11.315743440983914
BRN,Brunei,1979,28.38456507521256,27.577393369901223,0.8071717053113368,0.8071717053113368,2.8436993949793403
BRN,Brunei,1980,32.21625803955704,29.120586618625634,3.0956714209314065,3.0956714209314065,9.609034721321006
BRN,Brunei,1981,25.75412679643916,28.31681428347546,-2.5626874870362997,2.5626874870362997,-9.950589694971232
BRN,Brunei,1982,26.70047687533116,27.924263778565255,-1.223786903234096,1.223786903234096,-4.58338968606499
BRN,Brunei,1983,27.743832451731706,27.6715127603366,0.07231969139510497,0.07231969139510497,0.26066943534540754
BRN,Brunei,1984,25.979750638993483,29.191974971263996,-3.2122243322705124,3.2122243322705124,-12.364338583947863
BRN,Brunei,1985,24.49307734824296,28.635846250680014,-4.142768902437055,4.142768902437055,-16.914040010306184
BRN,Brunei,1986,22.74310691185236,25.19159218466013,-2.448485272807769,2.448485272807769,-10.76583459901762
BRN,Brunei,1987,22.16625331394852,25.6812935151141,-3.5150402011655792,3.5150402011655792,-15.85761992061002
BRN,Brunei,1988,22.81985613063637,24.755874012207098,-1.9360178815707272,1.9360178815707272,-8.483917998814912
BRN,Brunei,1989,21.966911764705884,26.0510339476752,-4.084122182969317,4.084122182969317,-18.59215454004442
BRN,Brunei,1990,22.921203954687183,25.155427682696068,-2.2342237280088852,2.2342237280088852,-9.74741000702106
BRN,Brunei,1991,24.27150451644351,24.94504467243549,-0.6735401559919794,0.6735401559919794,-2.7750243316629506
BRN,Brunei,1992,24.411593579875408,24.8120283541007,-0.4004347742252925,0.4004347742252925,-1.6403467185174079
BRN,Brunei,1993,24.93510150882222,24.731275126418954,0.20382638240326756,0.20382638240326756,0.8174275221263979
BRN,Brunei,1994,24.777976071047657,24.332160635541097,0.4458154355065602,0.4458154355065602,1.7992407217935873
BRN,Brunei,1995,25.152904411133434,24.621320169983292,0.5315842411501421,0.5315842411501421,2.1134109702052815
BRN,Brunei,1996,25.79121350695329,24.49034030915267,1.3008731978006196,1.3008731978006196,5.043861923945165
BRN,Brunei,1997,26.862098440759677,24.910906945580624,1.951191495179053,1.951191495179053,7.263734437881361
BRN,Brunei,1998,24.55463610608704,24.29378284951826,0.2608532565687831,0.2608532565687831,1.0623381077275185
BRN,Brunei,1999,25.5291771416764,24.564119829735947,0.965057311940452,0.965057311940452,3.7802131521309206
BRN,Brunei,2000,25.99747567580815,24.704088867257948,1.2933868085502027,1.2933868085502027,4.975047672623687
BRN,Brunei,2001,26.18848340308089,24.46901293332266,1.7194704697582317,1.7194704697582317,6.565750460967694
BRN,Brunei,2002,23.22176777938189,24.45233518790674,-1.230567408524852,1.230567408524852,-5.299197805334384
BRN,Brunei,2003,25.710180967409716,24.89962361705878,0.8105573503509369,0.8105573503509369,3.152670731405591
BRN,Brunei,2004,23.831220902720517,25.59778740736935,-1.7665665046488321,1.7665665046488321,-7.412824176570681
BRN,Brunei,2005,22.542321880328544,26.192221845879168,-3.649899965550624,3.649899965550624,-16.19132219354783
BRN,Brunei,2006,31.052231786608463,26.852677203747636,4.199554582860827,4.199554582860827,13.524163453758323
BRN,Brunei,2007,29.144208394787437,26.95051758591756,2.193690808869878,2.193690808869878,7.527021421045797
BRN,Brunei,2008,34.16103527593153,27.447171274557608,6.713864001373924,6.713864001373924,19.65357298788962
BRN,Brunei,2009,28.622789334774204,25.543375449294782,3.079413885479422,3.079413885479422,10.758608636853577
BRN,Brunei,2010,25.43534557466636,25.89871304739305,-0.4633674727266879,0.4633674727266879,-1.8217463229129565
BRN,Brunei,2011,26.735588611604225,27.36659070002505,-0.631002088420825,0.631002088420825,-2.360157831524034
BRN,Brunei,2012,25.49949822096524,27.28262340190575,-1.7831251809405089,1.7831251809405089,-6.99278536969192
BRN,Brunei,2013,24.996960131516868,26.68309078366658,-1.6861306521497106,1.6861306521497106,-6.745342806799094
BRN,Brunei,2014,25.164247150569885,26.234904856011845,-1.0706577054419597,1.0706577054419597,-4.254678071772606
BRN,Brunei,2015,23.157086961052745,24.94090121555112,-1.783814254498374,1.783814254498374,-7.703102974473953
BRN,Brunei,2016,23.82169686877286,24.264469847010037,-0.4427729782371763,0.4427729782371763,-1.8586962157913862
BRN,Brunei,2017,23.529479726045125,24.711213408765694,-1.1817336827205693,1.1817336827205693,-5.022353645212525
BRN,Brunei,2018,23.78200589296727,25.36363650600434,-1.5816306130370705,1.5816306130370705,-6.650534947116403
BRN,Brunei,2019,22.77514231499051,25.326491224397618,-2.551348909407107,2.551348909407107,-11.202340139617124
BRN,Brunei,2020,28.51025024362768,24.765079599294943,3.745170644332738,3.745170644332738,13.136225085115907
BRN,Brunei,2021,27.74787977534806,25.592779934001705,2.155099841346356,2.155099841346356,7.7667189666181375
BRN,Brunei,2022,26.14752838351231,27.059031015082933,-0.9115026315706238,0.9115026315706238,-3.4859992049779533
BRN,Brunei,2023,26.280044187916303,25.806874539260804,0.4731696486554995,0.4731696486554995,1.8004903084335957
BRN,Brunei,2024,25.642881995846317,25.856070283863772,-0.21318828801745582,0.21318828801745582,-0.8313741335782322
KHM,Cambodia,1970,2.4746723316215764,1.9159578131649333,0.5587145184566431,0.5587145184566431,22.577313017054454
KHM,Cambodia,1971,2.087849349331207,1.9159578131649333,0.17189153616627362,0.17189153616627362,8.232947277605781
KHM,Cambodia,1972,1.7474227159409077,1.9159578131649333,-0.1685350972240256,0.1685350972240256,-9.64478117896488
KHM,Cambodia,1973,1.3749223633126926,1.9159578131649333,-0.5410354498522407,0.5410354498522407,-39.35025455173249
KHM,Cambodia,1974,1.1613329323450152,1.9159578131649333,-0.7546248808199181,0.7546248808199181,-64.97920275937976
KHM,Cambodia,1975,1.216494253249057,1.9159578131649333,-0.6994635599158763,0.6994635599158763,-57.498303674491154
KHM,Cambodia,1976,1.1399364726044423,1.9159578131649333,-0.776021340560491,0.776021340560491,-68.07584099730532
KHM,Cambodia,1977,1.123320580515197,1.9159578131649333,-0.7926372326497364,0.7926372326497364,-70.56197904664074
KHM,Cambodia,1978,1.18196664282906,1.9159578131649333,-0.7339911703358732,0.7339911703358732,-62.0991442346504
KHM,Cambodia,1979,1.1017707879723504,1.9159578131649333,-0.8141870251925829,0.8141870251925829,-73.89804068875127
KHM,Cambodia,1980,1.509017914287121,1.9159578131649333,-0.40693989887781234,0.40693989887781234,-26.967201318485067
KHM,Cambodia,1981,1.4491829399024885,1.9159578131649333,-0.4667748732624448,0.4667748732624448,-32.209520303478925
KHM,Cambodia,1982,1.859675610768239,1.9159578131649333,-0.056282202396694236,0.056282202396694236,-3.0264526818977773
KHM,Cambodia,1983,1.8610401364180813,1.9159578131649333,-0.054917676746851996,0.054917676746851996,-2.950913076627746
KHM,Cambodia,1984,1.5416115708205669,1.9159578131649333,-0.3743462423443664,0.3743462423443664,-24.28278623681515
KHM,Cambodia,1985,1.7797627744080158,1.9159578131649333,-0.13619503875691752,0.13619503875691752,-7.652426532081989
KHM,Cambodia,1986,1.8671767774849968,1.9159578131649333,-0.048781035679936524,0.048781035679936524,-2.6125558258946633
KHM,Cambodia,1987,1.7607277861899338,1.9159578131649333,-0.15523002697499955,0.15523002697499955,-8.816242248945489
KHM,Cambodia,1988,1.9442561333549813,1.9159578131649333,0.028298320190047965,0.028298320190047965,1.4554831384904405
KHM,Cambodia,1989,2.0224577092469285,1.9159578131649333,0.10649989608199517,0.10649989608199517,5.265865169643073
KHM,Cambodia,1990,1.97660884054135,1.7245423525312469,0.2520664880101031,0.2520664880101031,12.752471952977182
KHM,Cambodia,1991,1.8924787136473329,1.7274847771029374,0.16499393654439554,0.16499393654439554,8.718403824284307
KHM,Cambodia,1992,1.837809375301596,1.7321617715832374,0.10564760371835868,0.10564760371835868,5.74856158305435
KHM,Cambodia,1993,1.7835446227366225,1.5200124085155946,0.2635322142210279,0.2635322142210279,14.7757567072626
KHM,Cambodia,1994,1.6044528713751314,1.5366935033606426,0.06775936801448879,0.06775936801448879,4.22320712707592
KHM,Cambodia,1995,1.897390396982701,1.480683701572969,0.41670669540973204,0.41670669540973204,21.962095732770344
KHM,Cambodia,1996,1.7726434021184545,1.504791681032082,0.26785172108637245,0.26785172108637245,15.110299159225574
KHM,Cambodia,1997,1.6846971155948562,1.500954682609292,0.18374243298556414,0.18374243298556414,10.906555919441093
KHM,Cambodia,1998,1.6310679901507468,1.5028744483979029,0.12819354175284392,0.12819354175284392,7.859484860652315
KHM,Cambodia,1999,1.6607326542543617,1.5390814158106483,0.1216512384437134,0.1216512384437134,7.325154842477192
KHM,Cambodia,2000,1.6410647249440231,1.5616683358983459,0.07939638904567725,0.07939638904567725,4.838102229537928
KHM,Cambodia,2001,1.6594404195636696,1.5671727522351122,0.0922676673285574,0.0922676673285574,5.560167526401346
KHM,Cambodia,2002,1.6252437429994506,1.6019837072598868,0.02326003573956381,0.02326003573956381,1.4311721450861585
KHM,Cambodia,2003,1.7524447228741955,1.6315311402134467,0.12091358266074881,0.12091358266074881,6.899708794377131
KHM,Cambodia,2004,1.6910045209676208,1.645674560468907,0.04532996049871385,0.04532996049871385,2.6806528271595216
KHM,Cambodia,2005,1.871279261968084,1.68784073900585,0.18343852296223395,0.18343852296223395,9.802840585605903
KHM,Cambodia,2006,1.950204955954339,1.7214863705825214,0.22871858537181766,0.22871858537181766,11.727925553337212
KHM,Cambodia,2007,2.0137164538928185,1.769014787265131,0.24470166662768755,0.24470166662768755,12.151743913828692
KHM,Cambodia,2008,2.0487951773365154,1.8139832726243275,0.23481190471218794,0.23481190471218794,11.46097507987349
KHM,Cambodia,2009,2.1229252192891828,1.8375804401094498,0.285344779179733,0.285344779179733,13.441113072992497
KHM,Cambodia,2010,2.1359827087278247,1.8544577816326175,0.28152492709520716,0.28152492709520716,13.180112645335097
KHM,Cambodia,2011,2.182979563913509,1.9069350758863772,0.27604448802713155,0.27604448802713155,12.645307935556497
KHM,Cambodia,2012,2.141352826029427,1.9762422766102241,0.1651105494192029,0.1651105494192029,7.710571906328803
KHM,Cambodia,2013,2.10829673528537,2.0413724605739954,0.06692427471137474,0.06692427471137474,3.174329001762466
KHM,Cambodia,2014,2.169428760781805,2.0948558682626772,0.0745728925191278,0.0745728925191278,3.4374437117840038
KHM,Cambodia,2015,2.2513560077860872,2.1415165036580106,0.10983950412807664,0.10983950412807664,4.878815422714481
KHM,Cambodia,2016,2.3890033831871875,2.2101449730866305,0.17885841010055703,0.17885841010055703,7.4867374135712055
KHM,Cambodia,2017,2.4773955334325617,2.2929853001166216,0.1844102333159401,0.1844102333159401,7.443713804570804
KHM,Cambodia,2018,2.500024271066149,2.3983282244629414,0.10169604660320752,0.10169604660320752,4.067802372168119
KHM,Cambodia,2019,2.6697341423955288,2.4772296343237343,0.19250450807179442,0.19250450807179442,7.210624646657207
KHM,Cambodia,2020,2.807507876906807,2.5564722371009783,0.25103563980582866,0.25103563980582866,8.941582742143865
KHM,Cambodia,2021,2.8476511998576672,2.5620645378162967,0.2855866620413705,0.2855866620413705,10.028849813335455
KHM,Cambodia,2022,2.738341808065284,2.5856859322314905,0.1526558758337937,0.1526558758337937,5.574756057997353
KHM,Cambodia,2023,2.8111878640119192,2.6524034340002487,0.15878443001167053,0.15878443001167053,5.648303766688334
KHM,Cambodia,2024,2.825294077528285,2.70061237283029,0.12468170469799489,0.12468170469799489,4.413052279749687
IDN,Indonesia,1970,1.167691726333862,1.2291475886907979,-0.0614558623569359,0.0614558623569359,-5.263021135714091
IDN,Indonesia,1971,1.160199486169336,1.2450749504145373,-0.0848754642452012,0.0848754642452012,-7.315592297445067
IDN,Indonesia,1972,1.2124597900778975,1.2637277100997575,-0.05126792002185998,0.05126792002185998,-4.228422290075792
IDN,Indonesia,1973,1.2917329254002254,1.2869031465384748,0.004829778861750622,0.004829778861750622,0.3738991835525275
IDN,Indonesia,1974,1.3171890686981595,1.3193961312549334,-0.002207062556773831,0.002207062556773831,-0.16755852361841841
IDN,Indonesia,1975,1.2904326032717128,1.3404212017597386,-0.049988598488025726,0.049988598488025726,-3.8737860746300563
IDN,Indonesia,1976,1.3334669392493677,1.3729285841307712,-0.03946164488140358,0.03946164488140358,-2.959326828426451
IDN,Indonesia,1977,1.4905350611084145,1.40834116066518,0.0821939004432346,0.0821939004432346,5.514388932395345
IDN,Indonesia,1978,1.5679995802559188,1.4415719703131624,0.12642760994275637,0.12642760994275637,8.062987486394714
IDN,Indonesia,1979,1.5817001585741144,1.4879949599624043,0.09370519861171012,0.09370519861171012,5.92433389500222
IDN,Indonesia,1980,1.5785333843032727,1.5390303992203913,0.039502985082881414,0.039502985082881414,2.5025118553521817
IDN,Indonesia,1981,1.6063766519776843,1.6185763482132587,-0.012199696235574375,0.012199696235574375,-0.7594542799507679
IDN,Indonesia,1982,1.5309497301901993,1.6334968350204857,-0.1025471048302864,0.1025471048302864,-6.698267278674548
IDN,Indonesia,1983,1.5491622963161211,1.5298571432126031,0.01930515310351799,0.01930515310351799,1.2461672446731555
IDN,Indonesia,1984,1.586433793864721,1.5885823459549786,-0.0021485520902575495,0.0021485520902575495,-0.1354328241472623
IDN,Indonesia,1985,1.60088324361179,1.5994362213295084,0.0014470222822815515,0.0014470222822815515,0.09038899545334055
IDN,Indonesia,1986,1.6695172115844352,1.6189431929174707,0.05057401866696454,0.05057401866696454,3.02926009483711
IDN,Indonesia,1987,1.653848143964278,1.6547344121434648,-0.0008862681791867999,0.0008862681791867999,-0.05358824402477563
IDN,Indonesia,1988,1.6933736107586177,1.690665110596691,0.002708500161926697,0.002708500161926697,0.15994699248403374
IDN,Indonesia,1989,1.729487130610306,1.7424154441521416,-0.012928313541835657,0.012928313541835657,-0.7475229686891905
IDN,Indonesia,1990,1.842175898042855,1.8195451896931238,0.022630708349731243,0.022630708349731243,1.2284770620316072
IDN,Indonesia,1991,1.9208110315292728,1.904930385034986,0.015880646494286887,0.015880646494286887,0.826767768073643
IDN,Indonesia,1992,1.983766958411428,1.9572810921552153,0.02648586625621263,0.02648586625621263,1.33512992259041
IDN,Indonesia,1993,2.0471599600482486,2.032852047411436,0.014307912636812414,0.014307912636812414,0.6989152248012508
IDN,Indonesia,1994,2.1110312886454263,2.125325098910879,-0.014293810265452844,0.014293810265452844,-0.6771008247170356
IDN,Indonesia,1995,2.2266602951671097,2.25175014179187,-0.025089846624760437,0.025089846624760437,-1.1267927433393004
IDN,Indonesia,1996,2.3121326124379977,2.3651198077709643,-0.052987195332966586,0.052987195332966586,-2.2917022599795835
IDN,Indonesia,1997,2.3968309268169325,2.4534334056386276,-0.056602478821695,0.056602478821695,-2.361554926065014
IDN,Indonesia,1998,2.352698169310965,2.3130396704622207,0.039658498848744284,0.039658498848744284,1.685660292767562
IDN,Indonesia,1999,2.379395741693323,2.3217178978189104,0.05767784387441255,0.05767784387441255,2.4240542614977314
IDN,Indonesia,2000,2.374468009877369,2.345878191405368,0.02858981847200104,0.02858981847200104,1.204051532935901
IDN,Indonesia,2001,2.447560634332318,2.4588764866619512,-0.01131585232963328,0.01131585232963328,-0.46233184873559574
IDN,Indonesia,2002,2.446960613605851,2.5267700713423356,-0.07980945773648473,0.07980945773648473,-3.2615750859543753
IDN,Indonesia,2003,2.547283155690052,2.5733454465558716,-0.02606229086581946,0.02606229086581946,-1.023140706112794
IDN,Indonesia,2004,2.568055567736619,2.555219844310901,0.012835723425717926,0.012835723425717926,0.49982265130776815
IDN,Indonesia,2005,2.5692288334232463,2.5769417743879695,-0.007712940964723192,0.007712940964723192,-0.30020451523761127
IDN,Indonesia,2006,2.6784764913735253,2.6337476936635675,0.044728797709957746,0.044728797709957746,1.6699343023548723
IDN,Indonesia,2007,2.743226563230919,2.678984523957962,0.06424203927295702,0.06424203927295702,2.341842271944684
IDN,Indonesia,2008,2.719791403241891,2.785224938574178,-0.06543353533228702,0.06543353533228702,-2.405829184337176
IDN,Indonesia,2009,2.817928711035261,2.840684717809338,-0.022756006774077076,0.022756006774077076,-0.8075437354026209
IDN,Indonesia,2010,2.9351302445669445,3.075243354239193,-0.14011310967224855,0.14011310967224855,-4.773659020127099
IDN,Indonesia,2011,3.297478632623898,3.126627086783455,0.17085154584044293,0.17085154584044293,5.181278330361507
IDN,Indonesia,2012,3.334971187504953,3.213260577533653,0.1217106099712999,0.1217106099712999,3.6495250821749163
IDN,Indonesia,2013,3.159721340502064,3.1984076500297105,-0.0386863095276464,0.0386863095276464,-1.224358269564978
IDN,Indonesia,2014,3.2908210731829857,3.220194970812061,0.07062610237092448,0.07062610237092448,2.1461544338116414
IDN,Indonesia,2015,3.2586884922653083,3.216471353930883,0.0422171383344252,0.0422171383344252,1.2955254371392078
IDN,Indonesia,2016,3.217849104358492,3.362106190364108,-0.14425708600561604,0.14425708600561604,-4.483028300184232
IDN,Indonesia,2017,3.3884448258186195,3.5312188897959356,-0.14277406397731607,0.14277406397731607,-4.213557290041548
IDN,Indonesia,2018,3.714601010729892,3.744640924895497,-0.03003991416560492,0.03003991416560492,-0.8086982714652925
IDN,Indonesia,2019,3.8983849429347113,3.851816097200957,0.046568845733754305,0.046568845733754305,1.1945676585416214
IDN,Indonesia,2020,3.664822848411701,3.595681730999952,0.06914111741174889,0.06914111741174889,1.8866155410953624
IDN,Indonesia,2021,3.747968988638607,3.7481107158991533,-0.00014172726054617613,0.00014172726054617613,-0.0037814416548215997
IDN,Indonesia,2022,4.236620732444976,4.246515927437307,-0.009895194992330936,0.009895194992330936,-0.2335633897212311
IDN,Indonesia,2023,4.4856573827694985,4.506734324871223,-0.021076942101724505,0.021076942101724505,-0.46987409655240653
IDN,Indonesia,2024,4.669609373952502,4.62944250593462,0.040166868017882607,0.040166868017882607,0.8601761903669498
LAO,Laos,1970,1.7724824718264438,2.227499880128845,-0.455017408302401,0.455017408302401,-25.671193680890458
LAO,Laos,1971,1.6808136243759664,2.227499880128845,-0.5466862557528784,0.5466862557528784,-32.52509664513494
LAO,Laos,1972,1.6183976642419138,2.227499880128845,-0.609102215886931,0.609102215886931,-37.636127964398995
LAO,Laos,1973,1.5860596473247677,2.227499880128845,-0.6414402328040771,0.6414402328040771,-40.442377680184016
LAO,Laos,1974,1.5801284526191073,2.227499880128845,-0.6473714275097375,0.6473714275097375,-40.969544370693484
LAO,Laos,1975,1.504564433254667,2.227499880128845,-0.7229354468741778,0.7229354468741778,-48.04948401646894
LAO,Laos,1976,1.324556034240863,2.227499880128845,-0.9029438458879817,0.9029438458879817,-68.1695468176612
LAO,Laos,1977,1.3752824292231645,2.227499880128845,-0.8522174509056804,0.8522174509056804,-61.96672281976727
LAO,Laos,1978,1.4084697989116384,2.227499880128845,-0.8190300812172064,0.8190300812172064,-58.1503474089464
LAO,Laos,1979,1.5197004400592034,2.227499880128845,-0.7077994400696415,0.7077994400696415,-46.57493157283468
LAO,Laos,1980,1.6642911182227391,2.227499880128845,-0.5632087619061057,0.5632087619061057,-33.84075993312662
LAO,Laos,1981,1.593076283085375,2.227499880128845,-0.6344235970434697,0.6344235970434697,-39.82380528663423
LAO,Laos,1982,1.6259007903128846,2.227499880128845,-0.6015990898159602,0.6015990898159602,-37.000971609109676
LAO,Laos,1983,1.5476697126038652,2.227499880128845,-0.6798301675249796,0.6798301675249796,-43.92604972421438
LAO,Laos,1984,1.5806344583864669,1.021961114539902,0.558673343846565,0.558673343846565,35.34487944903253
LAO,Laos,1985,1.5407548425996362,1.0336253190252296,0.5071295235744067,0.5071295235744067,32.91435532461174
LAO,Laos,1986,1.5386635089940377,1.045575947989522,0.4930875610045158,0.4930875610045158,32.04648437570937
LAO,Laos,1987,1.4809940944185536,1.0422621788835829,0.4387319155349707,0.4387319155349707,29.624150237224228
LAO,Laos,1988,1.4438193184159214,1.037778600080389,0.40604071833553235,0.40604071833553235,28.122682191357416
LAO,Laos,1989,1.4863132054744317,1.0729331182173927,0.413380087257039,0.413380087257039,27.812447991073856
LAO,Laos,1990,1.5704013608676342,1.0927328413999715,0.47766851946766264,0.47766851946766264,30.416970551003253
LAO,Laos,1991,1.5322478454913713,1.1060599403419962,0.4261879051493751,0.4261879051493751,27.814554049035216
LAO,Laos,1992,1.5714816457242513,1.1235247910382853,0.447956854685966,0.447956854685966,28.50538254167871
LAO,Laos,1993,1.5484540219335503,1.1435290779167977,0.4049249440167526,0.4049249440167526,26.150272354301094
LAO,Laos,1994,1.5945413185506172,1.1723078868002992,0.422233431750318,0.422233431750318,26.479930425014864
LAO,Laos,1995,1.5725211683591278,1.200511838535273,0.3720093298238547,0.3720093298238547,23.65687262652456
LAO,Laos,1996,1.5882701987720975,1.2300907589281647,0.35817943984393286,0.35817943984393286,22.55154318961873
LAO,Laos,1997,1.600617700544506,1.2623522945263572,0.3382654060181487,0.3382654060181487,21.133429044491756
LAO,Laos,1998,1.510022548399795,1.2965618801155956,0.21346066828419952,0.21346066828419952,14.13625700559297
LAO,Laos,1999,1.4699714498845111,1.3817867690444865,0.08818468084002462,0.08818468084002462,5.999074393380422
LAO,Laos,2000,1.6378480530680812,1.5862980405563998,0.05155001251168145,0.05155001251168145,3.1474233775908544
LAO,Laos,2001,1.675963083824234,1.6161258602403912,0.05983722358384291,0.05983722358384291,3.570318711752622
LAO,Laos,2002,1.7074656083911122,1.656254166227713,0.051211442163399123,0.051211442163399123,2.9992663929350796
LAO,Laos,2003,1.733045861271037,1.7045193713250708,0.028526489945966294,0.028526489945966294,1.6460320285491243
LAO,Laos,2004,1.8086780431664036,1.7583329822700404,0.05034506089636315,0.05034506089636315,2.7835280627515893
LAO,Laos,2005,1.753447426647787,1.8289277690327752,-0.07548034238498813,0.07548034238498813,-4.304682378147501
LAO,Laos,2006,1.8189730346122888,1.9119608632294276,-0.09298782861713883,0.09298782861713883,-5.1121059437232965
LAO,Laos,2007,1.8947247101995368,2.001324818941658,-0.10660010874212111,0.10660010874212111,-5.626152874255537
LAO,Laos,2008,1.9518719317010709,2.094801592007272,-0.14292966030620113,0.14292966030620113,-7.3226966372551345
LAO,Laos,2009,2.081086996018035,2.1654331029120835,-0.08434610689404831,0.08434610689404831,-4.05298322729596
LAO,Laos,2010,2.184161078741826,2.287988061281877,-0.10382698254005085,0.10382698254005085,-4.75363211763941
LAO,Laos,2011,2.1539727911691893,2.439192236673973,-0.28521944550478384,0.28521944550478384,-13.241552849419469
LAO,Laos,2012,2.2763844271295284,2.5689500867042847,-0.29256565957475633,0.29256565957475633,-12.852207917433143
LAO,Laos,2013,2.341430728962237,2.7437798608683797,-0.4023491319061425,0.4023491319061425,-17.183900720585086
LAO,Laos,2014,2.4429031509261585,2.936942416693408,-0.49403926576724944,0.49403926576724944,-20.22344871019337
LAO,Laos,2015,3.1425780087023067,3.100957062564301,0.04162094613800571,0.04162094613800571,1.3244204606138839
LAO,Laos,2016,4.2042600149779945,3.2874185716460667,0.9168414433319279,0.9168414433319279,21.807439122832815
LAO,Laos,2017,4.618256072436215,3.6695214153463986,0.9487346570898163,0.9487346570898163,20.54313667776636
LAO,Laos,2018,4.645733858301961,3.8841414276304587,0.7615924306715023,0.7615924306715023,16.39337193865574
LAO,Laos,2019,4.554539631448722,4.048067210834586,0.506472420614136,0.506472420614136,11.120167165018954
LAO,Laos,2020,4.562941458236151,4.127824920629495,0.4351165376066559,0.4351165376066559,9.535878152047438
LAO,Laos,2021,5.0788695423733765,4.267926317079603,0.8109432252937738,0.8109432252937738,15.967002470294142
LAO,Laos,2022,5.0931028374494165,4.565300941384476,0.5278018960649407,0.5278018960649407,10.36307164630627
LAO,Laos,2023,5.37159003276324,5.141745720318976,0.22984431244426418,0.22984431244426418,4.278887834744682
LAO,Laos,2024,5.347563437449444,5.670165911500282,-0.3226024740508384,0.3226024740508384,-6.032700272270278
MYS,Malaysia,1970,3.628904462430844,3.693668943048111,-0.0647644806172667,0.0647644806172667,-1.7846840909634696
MYS,Malaysia,1971,3.604803513768422,3.6898239842886427,-0.08502047052022066,0.08502047052022066,-2.358532724335402
MYS,Malaysia,1972,2.3323578569866448,3.683870896011765,-1.3515130390251202,1.3515130390251202,-57.94621245520383
MYS,Malaysia,1973,2.328912093789644,3.689209450589868,-1.3602973568002241,1.3602973568002241,-58.409132763217606
MYS,Malaysia,1974,2.5308042045884505,3.7260558099193974,-1.195251605330947,1.195251605330947,-47.22813417031264
MYS,Malaysia,1975,2.6394723670348297,3.707831367456237,-1.0683590004214074,1.0683590004214074,-40.47623357472754
MYS,Malaysia,1976,2.836980835136936,3.7144018051813985,-0.8774209700444624,0.8774209700444624,-30.927983692287114
MYS,Malaysia,1977,2.7702222543857604,3.720769269801605,-0.9505470154158444,0.9505470154158444,-34.313023581806746
MYS,Malaysia,1978,3.2240666630056705,3.7322379044800846,-0.5081712414744142,0.5081712414744142,-15.761809372783445
MYS,Malaysia,1979,3.606065698215581,3.783695334945113,-0.1776296367295318,0.1776296367295318,-4.925856919840084
MYS,Malaysia,1980,3.6044821360998687,3.8362402923709293,-0.23175815627106067,0.23175815627106067,-6.429721316966443
MYS,Malaysia,1981,3.53039654671998,3.8578321916807186,-0.3274356449607385,0.3274356449607385,-9.274755417063625
MYS,Malaysia,1982,3.661139272040263,3.880275767716602,-0.21913649567633886,0.21913649567633886,-5.985472810331508
MYS,Malaysia,1983,3.967609476948156,3.8942361160591283,0.07337336088902768,0.07337336088902768,1.8493090440308584
MYS,Malaysia,1984,4.080158769467516,3.8912040865218827,0.18895468294563367,0.18895468294563367,4.631062015517924
MYS,Malaysia,1985,3.937712042374316,3.8420433393270956,0.0956687030472203,0.0956687030472203,2.429550511000167
MYS,Malaysia,1986,3.945345615494106,3.831741846966379,0.11360376852772713,0.11360376852772713,2.8794376868171954
MYS,Malaysia,1987,3.8892193195724674,3.8662321595250244,0.022987160047442945,0.022987160047442945,0.5910481811030874
MYS,Malaysia,1988,4.007982565524402,3.980139559152881,0.027843006371520485,0.027843006371520485,0.6946888095526814
MYS,Malaysia,1989,4.455490231964811,4.14872493902134,0.30676529294347077,0.30676529294347077,6.88510751841984
MYS,Malaysia,1990,4.80819703910202,4.313045105806155,0.4951519332958654,0.4951519332958654,10.2980790776482
MYS,Malaysia,1991,5.28343956406293,4.564699061302405,0.7187405027605251,0.7187405027605251,13.603647662580972
MYS,Malaysia,1992,5.394760231344785,4.549733479959925,0.8450267513848599,0.8450267513848599,15.66384260184655
MYS,Malaysia,1993,5.3034923134822405,4.808075035552456,0.49541727792978474,0.49541727792978474,9.34134054781908
MYS,Malaysia,1994,5.610670920321369,5.286553316709102,0.32411760361226705,0.32411760361226705,5.776806521272543
MYS,Malaysia,1995,5.587779287762254,5.734301169220339,-0.1465218814580851,0.1465218814580851,-2.622184483538592
MYS,Malaysia,1996,6.15234842904972,5.803342468379902,0.34900596066981837,0.34900596066981837,5.6727274908863565
MYS,Malaysia,1997,6.6089524794554135,6.144230541685416,0.4647219377699976,0.4647219377699976,7.031703423721565
MYS,Malaysia,1998,6.210580291073335,6.312975766693451,-0.1023954756201153,0.1023954756201153,-1.6487263801627616
MYS,Malaysia,1999,6.479423197070754,6.552516917896626,-0.07309372082587196,0.07309372082587196,-1.1280899333588286
MYS,Malaysia,2000,6.872943426575692,7.260906727764537,-0.3879633011888446,0.3879633011888446,-5.644791134009663
MYS,Malaysia,2001,7.056023287404208,6.73408289255096,0.32194039485324755,0.32194039485324755,4.562632260978322
MYS,Malaysia,2002,7.268335947380014,6.901371116811939,0.36696483056807505,0.36696483056807505,5.048814931295977
MYS,Malaysia,2003,7.631468287049361,6.989862716946833,0.6416055701025281,0.6416055701025281,8.407367310840245
MYS,Malaysia,2004,8.043771389312932,7.972605882813491,0.07116550649944031,0.07116550649944031,0.8847281089314871
MYS,Malaysia,2005,8.329927565224605,8.330232140557445,-0.0003045753328407841,0.0003045753328407841,-0.00365639833547066
MYS,Malaysia,2006,8.442284360961347,8.743965250564624,-0.30168088960327744,0.30168088960327744,-3.573450937027241
MYS,Malaysia,2007,8.911739141176163,8.882448308510657,0.029290832665505917,0.029290832665505917,0.32867695296610916
MYS,Malaysia,2008,9.172461328428788,8.745302034725078,0.42715929370370986,0.42715929370370986,4.65697568415784
MYS,Malaysia,2009,8.385580856851563,7.466238526647494,0.9193423302040689,0.9193423302040689,10.963370885070013
MYS,Malaysia,2010,8.751823716098283,8.099578338302445,0.6522453777958379,0.6522453777958379,7.452679566615178
MYS,Malaysia,2011,8.67342300721839,8.376975229126536,0.29644777809185463,0.29644777809185463,3.4178867771713453
MYS,Malaysia,2012,8.58330413573809,8.3632687356861,0.22003540005198907,0.22003540005198907,2.5635279441611902
MYS,Malaysia,2013,9.039109983292054,8.2289311729058,0.8101788103862546,0.8101788103862546,8.963037421646534
MYS,Malaysia,2014,9.363119535204056,8.203568288879517,1.1595512463245399,1.1595512463245399,12.384240551076859
MYS,Malaysia,2015,9.28985292960304,7.948598280580736,1.3412546490223036,1.3412546490223036,14.437845886109374
MYS,Malaysia,2016,9.01243280642762,7.869019535747444,1.1434132706801758,1.1434132706801758,12.68706569290258
MYS,Malaysia,2017,8.488389228166806,8.833776244660163,-0.34538701649335657,0.34538701649335657,-4.068934720232522
MYS,Malaysia,2018,8.84269368323331,8.657120847698344,0.18557283553496617,0.18557283553496617,2.0986007452325532
MYS,Malaysia,2019,8.73589095122587,7.783046791685248,0.9528441595406214,0.9528441595406214,10.907235047467173
MYS,Malaysia,2020,8.523522201145262,6.75295984705859,1.770562354086672,1.770562354086672,20.772660788620584
MYS,Malaysia,2021,8.5557489719433,9.194330365715455,-0.6385813937721547,0.6385813937721547,-7.463769634502393
MYS,Malaysia,2022,9.014058396576178,11.81888498469397,-2.804826588117791,2.804826588117791,-31.11613509385686
MYS,Malaysia,2023,9.063650829358677,10.057049305783549,-0.993398476424872,0.993398476424872,-10.96024654002655
MYS,Malaysia,2024,9.34163492644752,10.961129076629703,-1.6194941501821827,1.6194941501821827,-17.336303151787277
MMR,Myanmar,1970,1.8479119785756757,1.786063755174014,0.06184822340166174,0.06184822340166174,3.3469247517586203
MMR,Myanmar,1971,1.820620753193622,1.7687383739405667,0.05188237925305539,0.05188237925305539,2.8497082196853176
MMR,Myanmar,1972,1.732930157964993,1.7680589626183454,-0.03512880465335244,0.03512880465335244,-2.0271333205144715
MMR,Myanmar,1973,1.773234754527501,1.768348372295714,0.004886382231786834,0.004886382231786834,0.27556318864779233
MMR,Myanmar,1974,1.7619401904178729,1.7669267794559576,-0.004986589038084688,0.004986589038084688,-0.28301693015482193
MMR,Myanmar,1975,1.7778431706855966,1.7657351021970866,0.012108068488509982,0.012108068488509982,0.6810538009289481
MMR,Myanmar,1976,1.7610336108245537,1.7638862014250971,-0.0028525906005434365,0.0028525906005434365,-0.16198388168229183
MMR,Myanmar,1977,1.7551875135978907,1.7619400006350978,-0.0067524870372071,0.0067524870372071,-0.3847159910205514
MMR,Myanmar,1978,1.799716735783369,1.7596773301190367,0.040039405664332284,0.040039405664332284,2.224761534314687
MMR,Myanmar,1979,1.7432581055357084,1.7577757418521882,-0.014517636316479843,0.014517636316479843,-0.832787541350254
MMR,Myanmar,1980,1.851506976030845,1.7546894470828245,0.09681752894802043,0.09681752894802043,5.229120397675861
MMR,Myanmar,1981,1.8680736398588216,1.752044413858684,0.11602922600013765,0.11602922600013765,6.211169812818861
MMR,Myanmar,1982,1.856383289546012,1.7495627845531907,0.10682050499282125,0.10682050499282125,5.754226812661342
MMR,Myanmar,1983,1.846333538237875,1.7475070030602255,0.09882653517764939,0.09882653517764939,5.352583004692023
MMR,Myanmar,1984,1.831277384054676,1.745093070229111,0.08618431382556513,0.08618431382556513,4.70624027665008
MMR,Myanmar,1985,1.836499405138768,1.7436422879490667,0.09285711718970124,0.09285711718970124,5.056201865890877
MMR,Myanmar,1986,1.8045804678766468,1.7442533435847993,0.0603271242918475,0.0603271242918475,3.3429999584796124
MMR,Myanmar,1987,1.7054037815741947,1.746541447942667,-0.04113766636847238,0.04113766636847238,-2.4121950949645328
MMR,Myanmar,1988,1.6737240533109476,1.7524377562115636,-0.07871370290061597,0.07871370290061597,-4.70290802984549
MMR,Myanmar,1989,1.6231319657378789,1.7513690904325887,-0.12823712469470983,0.12823712469470983,-7.900597573187032
MMR,Myanmar,1990,1.5878368900957025,1.7503944484690965,-0.16255755837339403,0.16255755837339403,-10.237673616689705
MMR,Myanmar,1991,1.5347567373239206,1.7511638062261854,-0.2164070689022648,0.2164070689022648,-14.100414980396378
MMR,Myanmar,1992,1.6129462361999325,1.7473217357076098,-0.13437549950767735,0.13437549950767735,-8.331058809763134
MMR,Myanmar,1993,1.667743350636176,1.7455926070399685,-0.07784925640379248,0.07784925640379248,-4.667939846625451
MMR,Myanmar,1994,1.729788435150488,1.742854808392532,-0.01306637324204396,0.01306637324204396,-0.7553740663613128
MMR,Myanmar,1995,1.7789062018472896,1.7403370309501482,0.0385691708971414,0.0385691708971414,2.1681396611631114
MMR,Myanmar,1996,1.7543609225009649,1.7385713953049857,0.015789527195979147,0.015789527195979147,0.9000158971547353
MMR,Myanmar,1997,1.6971525961432294,1.7389819146165102,-0.04182931847328075,0.04182931847328075,-2.464676338965492
MMR,Myanmar,1998,1.7177969086709768,1.7411191130138313,-0.02332220434285448,0.02332220434285448,-1.357681121972584
MMR,Myanmar,1999,1.8397898495578835,1.7402881117553823,0.09950173780250116,0.09950173780250116,5.40832083764416
MMR,Myanmar,2000,1.886904683443613,1.897199069562568,-0.010294386118955057,0.010294386118955057,-0.5455700125863134
MMR,Myanmar,2001,1.8822297605484537,1.9270441833147725,-0.04481442276631875,0.04481442276631875,-2.380922016303711
MMR,Myanmar,2002,1.904426726279368,1.9582324298296299,-0.05380570355026193,0.05380570355026193,-2.8252966001680107
MMR,Myanmar,2003,2.017813713754194,2.0068507514145377,0.010962962339656102,0.010962962339656102,0.5433089419963962
MMR,Myanmar,2004,2.072954017156003,2.0558512819036263,0.01710273525237671,0.01710273525237671,0.8250417091181246
MMR,Myanmar,2005,2.17515506700115,2.109707871658318,0.06544719534283194,0.06544719534283194,3.008851935924867
MMR,Myanmar,2006,2.2588802982350056,2.1636364331884077,0.09524386504659788,0.09524386504659788,4.2164193083191455
MMR,Myanmar,2007,2.290217174455304,2.210124049637489,0.08009312481781494,0.08009312481781494,3.4971847085577794
MMR,Myanmar,2008,2.2507215370494134,2.252714784359759,-0.0019932473103456694,0.0019932473103456694,-0.08856036953192885
MMR,Myanmar,2009,2.25292367258599,2.301576770474286,-0.04865309788829597,0.04865309788829597,-2.1595537603122668
MMR,Myanmar,2010,2.2777768009395816,2.322766182598747,-0.04498938165916533,0.04498938165916533,-1.975144432088659
MMR,Myanmar,2011,2.2159894552428563,2.2905543617366457,-0.07456490649378944,0.07456490649378944,-3.364858362361552
MMR,Myanmar,2012,2.236637487402545,2.3194874696107797,-0.0828499822082347,0.0828499822082347,-3.7042204056255064
MMR,Myanmar,2013,2.284509108133517,2.368806597405117,-0.08429748927159997,0.08429748927159997,-3.689960743490861
MMR,Myanmar,2014,2.376004688404482,2.389363886913549,-0.013359198509067305,0.013359198509067305,-0.5622547200459517
MMR,Myanmar,2015,2.43208447617431,2.4266659634759176,0.00541851269839233,0.00541851269839233,0.22279294783854295
MMR,Myanmar,2016,2.515631597638762,2.449932562105597,0.0656990355331648,0.0656990355331648,2.611631830146817
MMR,Myanmar,2017,2.80346418373214,2.4333960750980532,0.3700681086340869,0.3700681086340869,13.200386535398142
MMR,Myanmar,2018,2.32964540437682,2.4748474262268667,-0.1452020218500465,0.1452020218500465,-6.232794981470067
MMR,Myanmar,2019,2.310863456579701,2.4570470384217256,-0.1461835818420245,0.1461835818420245,-6.325929012629341
MMR,Myanmar,2020,2.32068599294386,2.308912848227156,0.01177314471670421,0.01177314471670421,0.507313128639589
MMR,Myanmar,2021,2.271747209653748,2.2737561356302622,-0.002008925976514142,0.002008925976514142,-0.08843087681486954
MMR,Myanmar,2022,2.252366756964102,2.2270618697381592,0.025304887225942707,0.025304887225942707,1.1234798750115815
MMR,Myanmar,2023,2.184189995314941,2.1920063750833085,-0.007816379768367465,0.007816379768367465,-0.3578617146463218
MMR,Myanmar,2024,2.1612349234426045,2.148269134343127,0.012965789099477654,0.012965789099477654,0.5999250224415497
PHL,Philippines,1970,1.7551656463294918,1.7429861770489412,0.012179469280550581,0.012179469280550581,0.6939213575665079
PHL,Philippines,1971,1.740003461698913,1.7429223875349513,-0.0029189258360382553,0.0029189258360382553,-0.16775402464936823
PHL,Philippines,1972,1.7101944349146478,1.7428783016233882,-0.03268386670874035,0.03268386670874035,-1.9111199312475562
PHL,Philippines,1973,1.841020019541308,1.7427646836520947,0.09825533588921331,0.09825533588921331,5.3370052930599705
PHL,Philippines,1974,1.7477851072346244,1.7425652126978068,0.005219894536817593,0.005219894536817593,0.298657684815532
PHL,Philippines,1975,1.7546735669428704,1.7424572467322608,0.012216320210609588,0.012216320210609588,0.6962161190980849
PHL,Philippines,1976,1.689208019871908,1.7423145590339317,-0.05310653916202379,0.05310653916202379,-3.143872071247379
PHL,Philippines,1977,1.7404360380582728,1.7421672168708797,-0.0017311788126068706,0.0017311788126068706,-0.09946810883887866
PHL,Philippines,1978,1.7422492688525606,1.7419977470211652,0.0002515218313954293,0.0002515218313954293,0.01443661569512844
PHL,Philippines,1979,1.786545089107523,1.7417254701140954,0.04481961899342757,0.04481961899342757,2.508731476562812
PHL,Philippines,1980,1.6551146934023038,1.7414197511075369,-0.08630505770523311,0.08630505770523311,-5.214445745014917
PHL,Philippines,1981,1.5828405279742075,1.5097284367970443,0.07311209117716322,0.07311209117716322,4.619043414988587
PHL,Philippines,1982,1.557335022470443,1.5111894769180418,0.046145545552401135,0.046145545552401135,2.9631097282586762
PHL,Philippines,1983,1.5486768559671475,1.5135664081254612,0.035110447841686376,0.035110447841686376,2.2671254953158018
PHL,Philippines,1984,1.4374984144136358,1.5099910973264605,-0.07249268291282474,0.07249268291282474,-5.04297480859448
PHL,Philippines,1985,1.4217103122405617,1.5051395673542678,-0.08342925511370614,0.08342925511370614,-5.868231692166936
PHL,Philippines,1986,1.3741158830095686,1.5068106367921068,-0.13269475378253826,0.13269475378253826,-9.656736773314355
PHL,Philippines,1987,1.4430263641336964,1.5109763691541471,-0.06795000502045068,0.06795000502045068,-4.7088540243853165
PHL,Philippines,1988,1.4535918648324049,1.5153041919055419,-0.06171232707313701,0.06171232707313701,-4.245505809861716
PHL,Philippines,1989,1.4581999652005069,1.5226545441341783,-0.06445457893367146,0.06445457893367146,-4.420146788633941
PHL,Philippines,1990,1.4638706377025374,1.5311407159440646,-0.0672700782415272,0.0672700782415272,-4.59535675550565
PHL,Philippines,1991,1.421245784688261,1.5271296763338134,-0.10588389164555245,0.10588389164555245,-7.4500760379582935
PHL,Philippines,1992,1.4320984283544649,1.530265902003447,-0.09816747364898215,0.09816747364898215,-6.854799342373434
PHL,Philippines,1993,1.467300293299539,1.5398568566984308,-0.07255656339889183,0.07255656339889183,-4.944902126048981
PHL,Philippines,1994,1.520285104058806,1.5486537535723897,-0.028368649513583755,0.028368649513583755,-1.8660085162872473
PHL,Philippines,1995,1.6561830944200773,1.5517757428140708,0.10440735160600645,0.10440735160600645,6.304094756055056
PHL,Philippines,1996,1.7010526159477344,1.5666899031267416,0.13436271282099277,0.13436271282099277,7.898798165401436
PHL,Philippines,1997,1.7868099892286184,1.5828669249269889,0.20394306430162956,0.20394306430162956,11.413808157053877
PHL,Philippines,1998,1.6676275544185812,1.569971039289497,0.09765651512908424,0.09765651512908424,5.856014724051032
PHL,Philippines,1999,1.6860052563457246,1.552818126815562,0.13318712953016254,0.13318712953016254,7.899567870792675
PHL,Philippines,2000,1.667498122489738,1.5527529979051513,0.11474512458458674,0.11474512458458674,6.881274589578609
PHL,Philippines,2001,1.616929901821942,1.57371188207439,0.04321801974755202,0.04321801974755202,2.67284436380664
PHL,Philippines,2002,1.6199313800862318,1.5861828716394064,0.03374850844682542,0.03374850844682542,2.083329507761553
PHL,Philippines,2003,1.624653826982503,1.5841022810510081,0.0405515459314949,0.0405515459314949,2.4960114738295958
PHL,Philippines,2004,1.6312391816034966,1.598023558577057,0.033215623026439545,0.033215623026439545,2.0362202797132927
PHL,Philippines,2005,1.647437540931496,1.5867693582366444,0.060668182694851636,0.060668182694851636,3.682578622103546
PHL,Philippines,2006,1.5371462257431896,1.574534252038209,-0.03738802629501947,0.03738802629501947,-2.432301213044508
PHL,Philippines,2007,1.6052210226662842,1.5868022814541383,0.018418741212145928,0.018418741212145928,1.1474271114112535
PHL,Philippines,2008,1.597764250017759,1.6238811310080568,-0.026116880990297853,0.026116880990297853,-1.634589144800778
PHL,Philippines,2009,1.5943274434028982,1.6213283193935433,-0.027000875990645046,0.027000875990645046,-1.6935590052326361
PHL,Philippines,2010,1.6259962086267363,1.68371543523613,-0.05771922660939377,0.05771922660939377,-3.5497762112337004
PHL,Philippines,2011,1.6057152724821135,1.697982552386198,-0.09226727990408445,0.09226727990408445,-5.7461793809470185
PHL,Philippines,2012,1.6278708912413644,1.7128106122301365,-0.08493972098877212,0.08493972098877212,-5.21784138077435
PHL,Philippines,2013,1.6973875316214329,1.7526810832208755,-0.0552935515994426,0.0552935515994426,-3.257567913593858
PHL,Philippines,2014,1.745624071900225,1.7800663779934767,-0.03444230609325172,0.03444230609325172,-1.9730654868753634
PHL,Philippines,2015,1.8101641248593527,1.807452132829475,0.002711992029877708,0.002711992029877708,0.14982022859879768
PHL,Philippines,2016,1.898361690897496,1.9150718700507816,-0.016710179153285543,0.016710179153285543,-0.8802421178961637
PHL,Philippines,2017,2.0422486771211976,1.9804652858730014,0.06178339124819621,0.06178339124819621,3.025262884992417
PHL,Philippines,2018,2.072858037635255,2.091493661595006,-0.018635623959751157,0.018635623959751157,-0.8990304025359562
PHL,Philippines,2019,2.122804683264154,2.1202520928274993,0.002552590436654789,0.002552590436654789,0.12024612800127096
PHL,Philippines,2020,2.0087648190691354,1.9004734501289156,0.10829136894021985,0.10829136894021985,5.390943126453311
PHL,Philippines,2021,2.0832097343125766,2.0533914738495143,0.02981826046306235,0.02981826046306235,1.431361421364607
PHL,Philippines,2022,2.1287071399475863,2.219238000727242,-0.09053086077965578,0.09053086077965578,-4.252856538165455
PHL,Philippines,2023,2.21541251388629,2.205863660729589,0.009548853156700954,0.009548853156700954,0.43101919380017845
PHL,Philippines,2024,2.3013540575846743,2.2887229183313202,0.012631139253354018,0.012631139253354018,0.5488568441576824
SGP,Singapore,1970,4.272243959649208,4.2373165483147215,0.03492741133448618,0.03492741133448618,0.8175425295084051
SGP,Singapore,1971,4.21789956931232,4.265021504627898,-0.04712193531557762,0.04712193531557762,-1.1171895997338863
SGP,Singapore,1972,4.798085857647278,5.564901144840984,-0.7668152871937064,0.7668152871937064,-15.981691656716437
SGP,Singapore,1973,5.142863657090743,5.568095493369022,-0.42523183627827876,0.42523183627827876,-8.268386343316505
SGP,Singapore,1974,5.258184590546238,5.566814879374605,-0.3086302888283674,0.3086302888283674,-5.8695217620023845
SGP,Singapore,1975,5.178555643949439,5.575400310555187,-0.39684466660574813,0.39684466660574813,-7.663230713170314
SGP,Singapore,1976,5.494047878602888,5.611431981962327,-0.11738410335943872,0.11738410335943872,-2.136568627597926
SGP,Singapore,1977,5.9411688814346535,5.625500028653677,0.3156688527809761,0.3156688527809761,5.31324490316036
SGP,Singapore,1978,6.534712780421482,5.59618932254679,0.9385234578746919,0.9385234578746919,14.362122550918881
SGP,Singapore,1979,6.8855464652821485,7.536513093583923,-0.6509666283017745,0.6509666283017745,-9.454102613119174
SGP,Singapore,1980,6.838473950317841,7.469486509535939,-0.6310125592180977,0.6310125592180977,-9.227388505132337
SGP,Singapore,1981,6.978859657261527,7.4290674882213334,-0.45020783095980654,0.45020783095980654,-6.451022847140418
SGP,Singapore,1982,6.929316303326776,7.618447671336371,-0.689131368009595,0.689131368009595,-9.945156749140487
SGP,Singapore,1983,7.337580159496557,7.608099821703532,-0.27051966220697476,0.27051966220697476,-3.6867694297943525
SGP,Singapore,1984,7.259405443410324,7.657584069189831,-0.398178625779507,0.398178625779507,-5.485003267601632
SGP,Singapore,1985,7.542991355492795,7.69558849632557,-0.15259714083277487,0.15259714083277487,-2.023032158477205
SGP,Singapore,1986,7.696900496200116,7.701502183111298,-0.0046016869111822345,0.0046016869111822345,-0.05978623360733379
SGP,Singapore,1987,7.731542830824254,7.690697027652746,0.04084580317150799,0.04084580317150799,0.5283008070350875
SGP,Singapore,1988,8.395429829085897,7.8305323758719165,0.5648974532139803,0.5648974532139803,6.728630513435986
SGP,Singapore,1989,8.621614991430963,7.837774533445236,0.7838404579857272,0.7838404579857272,9.091573432179324
SGP,Singapore,1990,11.077596900954736,12.120523850299865,-1.0429269493451283,1.0429269493451283,-9.414740025927847
SGP,Singapore,1991,11.420558881535191,12.231262212916885,-0.8107033313816938,0.8107033313816938,-7.098630984622324
SGP,Singapore,1992,11.332968912600313,12.164807037601701,-0.8318381250013882,0.8318381250013882,-7.3399841772840935
SGP,Singapore,1993,12.811942521905276,11.659358650471573,1.1525838714337038,1.1525838714337038,8.996167985167498
SGP,Singapore,1994,13.277760359023915,12.065086466863995,1.2126738921599198,1.2126738921599198,9.133120792737872
SGP,Singapore,1995,13.28574841410399,12.339567217328636,0.9461811967753544,0.9461811967753544,7.12177565978067
SGP,Singapore,1996,13.291782720698809,12.36366571493612,0.9281170057626884,0.9281170057626884,6.982637508190423
SGP,Singapore,1997,13.260747126345942,12.651042848175885,0.6097042781700566,0.6097042781700566,4.597812418568179
SGP,Singapore,1998,13.946760718097032,12.782878396989425,1.1638823211076073,1.1638823211076073,8.345180251048385
SGP,Singapore,1999,13.320078217142246,11.888201029810586,1.4318771873316596,1.4318771873316596,10.749765609400914
SGP,Singapore,2000,14.211744271872572,11.982727108900084,2.2290171629724878,2.2290171629724878,15.68433205897243
SGP,Singapore,2001,14.201747119148036,12.21211464019987,1.9896324789481667,1.9896324789481667,14.009772616395699
SGP,Singapore,2002,12.309510410804728,12.207983090176945,0.10152732062778291,0.10152732062778291,0.8247876417462293
SGP,Singapore,2003,12.104715970979088,12.683271927113555,-0.5785559561344673,0.5785559561344673,-4.779591338793478
SGP,Singapore,2004,12.59292805947396,12.603215623060983,-0.01028756358702232,0.01028756358702232,-0.08169318158919156
SGP,Singapore,2005,11.798384438700516,13.121503485124583,-1.3231190464240665,1.3231190464240665,-11.214408661613302
SGP,Singapore,2006,11.496115409651322,13.198297067739114,-1.7021816580877918,1.7021816580877918,-14.806581157481777
SGP,Singapore,2007,11.15098530074212,13.073567837630234,-1.9225825368881146,1.9225825368881146,-17.241369126010444
SGP,Singapore,2008,10.424420733496492,12.889215281322002,-2.4647945478255107,2.4647945478255107,-23.644426974301382
SGP,Singapore,2009,10.315117192269668,11.274481890085642,-0.9593646978159747,0.9593646978159747,-9.300570026823735
SGP,Singapore,2010,11.434698542290592,11.405891610446204,0.028806931844387762,0.028806931844387762,0.25192559067339587
SGP,Singapore,2011,11.661022036820116,12.184606029691455,-0.5235839928713393,0.5235839928713393,-4.490035189180701
SGP,Singapore,2012,11.028403725070056,10.307417227518588,0.7209864975514684,0.7209864975514684,6.537541746975611
SGP,Singapore,2013,11.48572685909406,10.871467798286886,0.6142590608071732,0.6142590608071732,5.3480207943550475
SGP,Singapore,2014,11.684574943818006,10.982006608591025,0.7025683352269816,0.7025683352269816,6.012784706376431
SGP,Singapore,2015,11.878351624805196,12.283535730021672,-0.40518410521647574,0.40518410521647574,-3.4111139155902936
SGP,Singapore,2016,11.39202355222663,11.90759653703022,-0.5155729848035886,0.5155729848035886,-4.525736647575814
SGP,Singapore,2017,12.312809133871903,11.388485753234281,0.9243233806376221,0.9243233806376221,7.507006488834916
SGP,Singapore,2018,11.897544742772949,13.118853630284086,-1.221308887511137,1.221308887511137,-10.265217857264286
SGP,Singapore,2019,12.200693986519669,11.680411063474445,0.5202829230452242,0.5202829230452242,4.264371548209271
SGP,Singapore,2020,11.971475641012788,10.8132622364392,1.158213404573587,1.158213404573587,9.674775602480382
SGP,Singapore,2021,12.953946096920804,12.747472815791685,0.206473281129119,0.206473281129119,1.593902580605908
SGP,Singapore,2022,12.756380940148894,13.432870679605877,-0.6764897394569829,0.6764897394569829,-5.303147833472326
SGP,Singapore,2023,12.233390698466687,11.34658674506294,0.8868039534037475,0.8868039534037475,7.24904464560997
SGP,Singapore,2024,12.604698469071668,12.51357864679089,0.09111982228077764,0.09111982228077764,0.7229036260118374
THA,Thailand,1970,2.27003598557373,2.063381526906068,0.2066544586676624,0.2066544586676624,9.103576330109695
THA,Thailand,1971,2.2029576699618736,2.0654466491158194,0.13751102084605415,0.13751102084605415,6.242109084576012
THA,Thailand,1972,2.174752317377933,2.101041969065915,0.07371034831201806,0.07371034831201806,3.3893675028193346
THA,Thailand,1973,2.270655326321878,2.1854870209259065,0.08516830539597153,0.08516830539597153,3.750824901017956
THA,Thailand,1974,2.189280870813579,2.179862908735222,0.00941796207835699,0.00941796207835699,0.43018519021075136
THA,Thailand,1975,2.2506201452588974,2.1910484049577494,0.05957174030114798,0.05957174030114798,2.646903362463914
THA,Thailand,1976,2.314964036140104,2.248513509232878,0.06645052690722597,0.06645052690722597,2.870477721028592
THA,Thailand,1977,2.365028043383651,2.306893675532464,0.058134367851187196,0.058134367851187196,2.4580836584083046
THA,Thailand,1978,2.4695850389376544,2.374865325374654,0.09471971356300024,0.09471971356300024,3.8354505744716523
THA,Thailand,1979,2.4335624096317865,2.4266934960977053,0.006868913534081145,0.006868913534081145,0.28225754584697316
THA,Thailand,1980,2.433111642312024,2.4510355740768324,-0.017923931764808554,0.017923931764808554,-0.7366670502540786
THA,Thailand,1981,2.429947877500048,2.473822229970027,-0.04387435246997917,0.04387435246997917,-1.80556763691234
THA,Thailand,1982,2.375839666916077,2.47703420247566,-0.10119453555958291,0.10119453555958291,-4.25931669416636
THA,Thailand,1983,2.4310626933818176,2.5590903533121363,-0.12802765993031873,0.12802765993031873,-5.266324898936326
THA,Thailand,1984,2.4827833719554344,2.6265928745858034,-0.14380950263036896,0.14380950263036896,-5.792269444639664
THA,Thailand,1985,2.570558272719726,2.6204016162931993,-0.04984334357347331,0.04984334357347331,-1.9390085065349476
THA,Thailand,1986,2.560299836057931,2.681587552738752,-0.12128771668082106,0.12128771668082106,-4.73724659013245
THA,Thailand,1987,2.6836563009580288,2.8022270441356754,-0.1185707431776466,0.1185707431776466,-4.418253676348885
THA,Thailand,1988,2.8730557596296515,2.9875606171494162,-0.11450485751976469,0.11450485751976469,-3.985472858853419
THA,Thailand,1989,3.095034934382015,3.136828299234665,-0.04179336485265006,0.04179336485265006,-1.3503358035923085
THA,Thailand,1990,3.3483320252614948,3.615224686809737,-0.2668926615482423,0.2668926615482423,-7.970913862026535
THA,Thailand,1991,3.552951417565375,3.7357417668876476,-0.18279034932227267,0.18279034932227267,-5.144746658188982
THA,Thailand,1992,3.6890040930262247,3.865633456556158,-0.17662936352993341,0.17662936352993341,-4.787995867606585
THA,Thailand,1993,3.8899775255095097,3.9665942692526346,-0.07661674374312488,0.07661674374312488,-1.969593480699856
THA,Thailand,1994,4.105413559506011,4.143340523404004,-0.037926963897993105,0.037926963897993105,-0.923828095471013
THA,Thailand,1995,4.323290077442588,4.372371107237166,-0.049081029794577624,0.049081029794577624,-1.1352703361420329
THA,Thailand,1996,4.5913819451194176,4.450237290196519,0.14114465492289874,0.14114465492289874,3.0741213998311285
THA,Thailand,1997,4.602439104399628,4.384739040692314,0.21770006370731387,0.21770006370731387,4.730101990903193
THA,Thailand,1998,4.158549463831439,4.045844063975451,0.11270539985598749,0.11270539985598749,2.710209433270693
THA,Thailand,1999,4.261075085856455,4.121905917615213,0.13916916824124215,0.13916916824124215,3.266057636561685
THA,Thailand,2000,4.231011661013796,4.3169705713167135,-0.08595891030291725,0.08595891030291725,-2.0316396453116976
THA,Thailand,2001,4.37787753089925,4.367329077195577,0.010548453703672855,0.010548453703672855,0.24094903590201897
THA,Thailand,2002,4.540145892948757,4.482899001286283,0.057246891662473764,0.057246891662473764,1.2609042311037446
THA,Thailand,2003,4.705383531268636,4.695468928848865,0.009914602419770269,0.009914602419770269,0.21070763634642883
THA,Thailand,2004,4.996483914399193,4.970534683911812,0.02594923048738096,0.02594923048738096,0.5193498254362187
THA,Thailand,2005,5.133072452695061,5.158729009348375,-0.025656556653313345,0.025656556653313345,-0.49982845342154997
THA,Thailand,2006,5.166138640208424,5.118904953221321,0.04723368698710306,0.04723368698710306,0.9142938329118758
THA,Thailand,2007,5.2919497924321455,5.242081734956834,0.049868057475311645,0.049868057475311645,0.9423380687894359
THA,Thailand,2008,5.279377366077377,5.277226854382174,0.0021505116952029724,0.0021505116952029724,0.040734191668530435
THA,Thailand,2009,5.201028815162648,5.015735439947401,0.18529337521524702,0.18529337521524702,3.562629275866692
THA,Thailand,2010,5.452804249063135,5.328874553714084,0.12392969534905074,0.12392969534905074,2.2727699306341966
THA,Thailand,2011,5.419487483104664,5.346344666395032,0.07314281670963219,0.07314281670963219,1.3496260843420351
THA,Thailand,2012,5.653602539704924,5.572819029302299,0.08078351040262444,0.08078351040262444,1.428885561644748
THA,Thailand,2013,5.782318574209786,5.625275020801021,0.15704355340876486,0.15704355340876486,2.7159270350341513
THA,Thailand,2014,5.635527967432437,5.543020605726738,0.09250736170569862,0.09250736170569862,1.641503018710867
THA,Thailand,2015,5.690076217598625,5.749550018090782,-0.05947380049215756,0.05947380049215756,-1.045219751331507
THA,Thailand,2016,5.660327406040892,5.746242056183994,-0.08591465014310185,0.08591465014310185,-1.5178388806875525
THA,Thailand,2017,5.714386332346203,5.786881874895025,-0.07249554254882185,0.07249554254882185,-1.2686496560175125
THA,Thailand,2018,5.63378243290725,5.900820847462556,-0.26703841455530597,0.26703841455530597,-4.73994900824567
THA,Thailand,2019,5.738913128191917,5.695844883005392,0.04306824518652519,0.04306824518652519,0.7504599603530526
THA,Thailand,2020,5.637927600718042,5.405294329304903,0.23263327141313894,0.23263327141313894,4.126219559533027
THA,Thailand,2021,5.558524050497236,5.699839799444922,-0.14131574894768573,0.14131574894768573,-2.542325042832987
THA,Thailand,2022,5.823785933985192,5.813737116424341,0.010048817560851298,0.010048817560851298,0.1725478524581506
THA,Thailand,2023,5.727320139127772,5.778466488374337,-0.05114634924656514,0.05114634924656514,-0.8930241020952313
THA,Thailand,2024,5.893665724865729,6.044187357546907,-0.15052163268117802,0.15052163268117802,-2.5539560556703824
TLS,Timor-Leste,1970,1.1014900491620394,1.2072078311355379,-0.10571778197349846,0.10571778197349846,-9.597706493483392
TLS,Timor-Leste,1971,1.1135663610235786,1.2072078311355379,-0.09364147011195922,0.09364147011195922,-8.409150400869237
TLS,Timor-Leste,1972,1.1730271815582884,1.2072078311355379,-0.03418064957724942,0.03418064957724942,-2.9138838480999825
TLS,Timor-Leste,1973,1.1678719407056644,1.2072078311355379,-0.03933589042987351,0.03933589042987351,-3.3681681234764103
TLS,Timor-Leste,1974,1.1448359672120605,1.2072078311355379,-0.06237186392347738,0.06237186392347738,-5.448104856049137
TLS,Timor-Leste,1975,1.0253143818188504,1.2072078311355379,-0.1818934493166875,0.1818934493166875,-17.740261186429347
TLS,Timor-Leste,1976,0.8999045456041604,1.2072078311355379,-0.3073032855313774,0.3073032855313774,-34.1484313011294
TLS,Timor-Leste,1977,0.7675699279493462,1.2072078311355379,-0.43963790318619167,0.43963790318619167,-57.276592943230106
TLS,Timor-Leste,1978,0.6658979762236094,1.2072078311355379,-0.5413098549119285,0.5413098549119285,-81.29020874665581
TLS,Timor-Leste,1979,0.5381083074090485,1.2072078311355379,-0.6690995237264894,0.6690995237264894,-124.34290913443688
TLS,Timor-Leste,1980,0.4780948834460993,1.2072078311355379,-0.7291129476894386,0.7291129476894386,-152.50381732471294
TLS,Timor-Leste,1981,0.4752510624639474,1.2072078311355379,-0.7319567686715904,0.7319567686715904,-154.01475693220922
TLS,Timor-Leste,1982,0.5028775354965784,1.2072078311355379,-0.7043302956389594,0.7043302956389594,-140.06000386226273
TLS,Timor-Leste,1983,0.532088350865492,1.2072078311355379,-0.6751194802700459,0.6751194802700459,-126.88108641579923
TLS,Timor-Leste,1984,0.5652489818383551,1.2072078311355379,-0.6419588492971827,0.6419588492971827,-113.57098728587616
TLS,Timor-Leste,1985,0.5984224842643164,1.2072078311355379,-0.6087853468712214,0.6087853468712214,-101.73169673255924
TLS,Timor-Leste,1986,0.6117211196504451,1.2072078311355379,-0.5954867114850928,0.5954867114850928,-97.34610958427771
TLS,Timor-Leste,1987,0.624655520852471,1.2072078311355379,-0.5825523102830669,0.5825523102830669,-93.25977131972745
TLS,Timor-Leste,1988,0.6175888990003352,1.2072078311355379,-0.5896189321352027,0.5896189321352027,-95.47110271729198
TLS,Timor-Leste,1989,0.6551601920371186,1.2072078311355379,-0.5520476390984193,0.5520476390984193,-84.26147464514183
TLS,Timor-Leste,1990,0.6966574383996738,0.7749350384028162,-0.07827760000314243,0.07827760000314243,-11.236167977041598
TLS,Timor-Leste,1991,0.7732455497906917,0.785895768760692,-0.012650218970000293,0.012650218970000293,-1.6359898836048337
TLS,Timor-Leste,1992,0.7631505858744579,0.8084764205919832,-0.04532583471752527,0.04532583471752527,-5.939304189302109
TLS,Timor-Leste,1993,0.8038352302124204,0.8247875209368416,-0.020952290724421174,0.020952290724421174,-2.6065404870204993
TLS,Timor-Leste,1994,0.8807651454778193,0.8372225928467647,0.043542552631054554,0.043542552631054554,4.943718862470711
TLS,Timor-Leste,1995,0.8680567554305382,0.8505867505375286,0.01747000489300954,0.01747000489300954,2.012541781826786
TLS,Timor-Leste,1996,0.898482766658971,0.8753921224036849,0.023090644255286064,0.023090644255286064,2.5699596154914754
TLS,Timor-Leste,1997,0.8624223710836648,0.8827071428542135,-0.02028477177054866,0.02028477177054866,-2.3520692935017573
TLS,Timor-Leste,1998,0.9486170201478998,0.8859426176550065,0.06267440249289336,0.06267440249289336,6.606923675386062
TLS,Timor-Leste,1999,1.0861426361901385,0.8295326869389147,0.2566099492512238,0.2566099492512238,23.625805736835293
TLS,Timor-Leste,2000,1.3724553341350283,1.0222800785304076,0.3501752556046207,0.3501752556046207,25.514510155284142
TLS,Timor-Leste,2001,1.330257100962882,1.0536674081849156,0.2765896927779665,0.2765896927779665,20.79219818317543
TLS,Timor-Leste,2002,1.2078588742195668,1.0626938120176173,0.14516506220194958,0.14516506220194958,12.01837940676182
TLS,Timor-Leste,2003,1.1795462427934795,1.0586606970829044,0.12088554571057508,0.12088554571057508,10.248478722147079
TLS,Timor-Leste,2004,1.810942938883232,1.0505557260090876,0.7603872128741445,0.7603872128741445,41.98846891018324
TLS,Timor-Leste,2005,2.125041257562129,1.0684261226391243,1.0566151349230046,1.0566151349230046,49.72209980220173
TLS,Timor-Leste,2006,2.212581033937233,0.937468085274751,1.2751129486624821,1.2751129486624821,57.630112936177994
TLS,Timor-Leste,2007,1.9661873102402356,1.1689758718793875,0.7972114383608482,0.7972114383608482,40.5460575505109
TLS,Timor-Leste,2008,2.1096850243455,1.5463558471590724,0.5633291771864277,0.5633291771864277,26.7020512865987
TLS,Timor-Leste,2009,2.051508242489956,1.3895097155745288,0.6619985269154269,0.6619985269154269,32.26886995647389
TLS,Timor-Leste,2010,1.9186321483130035,1.6032191171325132,0.31541303118049036,0.31541303118049036,16.439473895911924
TLS,Timor-Leste,2011,2.002959808396092,2.0033264540635063,-0.0003666456674142893,0.0003666456674142893,-0.018305193438099377
TLS,Timor-Leste,2012,2.303845764108257,2.0702126334948083,0.2336331306134487,0.2336331306134487,10.141005715453371
TLS,Timor-Leste,2013,2.0525677594190013,1.9786428369610445,0.07392492245795679,0.07392492245795679,3.6015825601237124
TLS,Timor-Leste,2014,1.827899582283825,1.6487687778548925,0.1791308044289326,0.1791308044289326,9.799816475975225
TLS,Timor-Leste,2015,1.835070212283976,1.4324917338343648,0.40257847844961114,0.40257847844961114,21.938042247906772
TLS,Timor-Leste,2016,1.641276809149467,1.2210080153664054,0.4202687937830616,0.4202687937830616,25.606210447879956
TLS,Timor-Leste,2017,1.5141770851392062,1.258922550897791,0.2552545342414152,0.2552545342414152,16.857640810087172
TLS,Timor-Leste,2018,1.474498788754184,1.2764127232089886,0.19808606554519548,0.19808606554519548,13.43412873960785
TLS,Timor-Leste,2019,1.6215135920427075,1.3693609999781273,0.2521525920645802,0.2521525920645802,15.55044578731715
TLS,Timor-Leste,2020,1.4434566340862696,1.2313934102245172,0.21206322386175236,0.21206322386175236,14.691347066064903
TLS,Timor-Leste,2021,1.4017075278915727,1.601359992044317,-0.19965246415274418,0.19965246415274418,-14.243518007858485
TLS,Timor-Leste,2022,1.411602320902362,1.4232278531457532,-0.011625532243391135,0.011625532243391135,-0.8235699298056943
TLS,Timor-Leste,2023,1.3559336726659086,1.2320923559648445,0.12384131670106413,0.12384131670106413,9.133287209954675
TLS,Timor-Leste,2024,1.3851544796014388,1.1877626092917053,0.19739187030973349,0.19739187030973349,14.250531129678082
VNM,Vietnam,1970,1.511304458106682,2.457940305071098,-0.946635846964416,0.946635846964416,-62.637004866003885
VNM,Vietnam,1971,1.486293900513168,2.457940305071098,-0.97164640455793,0.97164640455793,-65.37377326398587
VNM,Vietnam,1972,1.4497238353725772,2.457940305071098,-1.0082164696985207,1.0082164696985207,-69.54541583014053
VNM,Vietnam,1973,1.505440424593988,2.457940305071098,-0.9524998804771099,0.9524998804771099,-63.27051306158433
VNM,Vietnam,1974,1.4258920198177911,2.457940305071098,-1.0320482852533068,1.0320482852533068,-72.37913326600902
VNM,Vietnam,1975,1.424665752911345,2.457940305071098,-1.033274552159753,1.033274552159753,-72.52750689403653
VNM,Vietnam,1976,1.352154625116266,2.457940305071098,-1.105785679954832,1.105785679954832,-81.77952871771231
VNM,Vietnam,1977,1.3538203102645228,2.457940305071098,-1.1041199948065752,1.1041199948065752,-81.55587461905054
VNM,Vietnam,1978,1.2953687626906605,2.457940305071098,-1.1625715423804375,1.1625715423804375,-89.74830765299723
VNM,Vietnam,1979,1.3113788644762272,2.457940305071098,-1.1465614405948708,1.1465614405948708,-87.43174620652549
VNM,Vietnam,1980,1.3090030061096662,2.457940305071098,-1.1489372989614317,1.1489372989614317,-87.77193739043068
VNM,Vietnam,1981,1.3326437920507894,2.457940305071098,-1.1252965130203085,1.1252965130203085,-84.44090759531497
VNM,Vietnam,1982,1.3910635687885808,2.457940305071098,-1.0668767362825171,1.0668767362825171,-76.69503825850428
VNM,Vietnam,1983,1.4083746540806856,2.457940305071098,-1.0495656509904123,1.0495656509904123,-74.52318514461726
VNM,Vietnam,1984,1.395229378567768,2.457940305071098,-1.0627109265033299,1.0627109265033299,-76.16747058424363
VNM,Vietnam,1985,1.3935257911777494,2.457940305071098,-1.0644145138933485,1.0644145138933485,-76.38283558381436
VNM,Vietnam,1986,1.4188001374980264,2.457940305071098,-1.0391401675730716,1.0391401675730716,-73.24077155825037
VNM,Vietnam,1987,1.422118962726605,2.457940305071098,-1.0358213423444929,1.0358213423444929,-72.8364763773721
VNM,Vietnam,1988,1.4445661511849772,2.457940305071098,-1.0133741538861207,1.0133741538861207,-70.15076139329793
VNM,Vietnam,1989,1.4095204684065816,2.457940305071098,-1.0484198366645163,1.0484198366645163,-74.38131337317306
VNM,Vietnam,1990,1.402882657681561,2.457940305071098,-1.055057647389537,1.055057647389537,-75.20640743632484
VNM,Vietnam,1991,1.4358431959684133,2.457940305071098,-1.0220971091026847,1.0220971091026847,-71.1844518936711
VNM,Vietnam,1992,1.472587221478265,2.2254218080331953,-0.7528345865549304,0.7528345865549304,-51.12325949692767
VNM,Vietnam,1993,1.547663404955774,2.2264881560947956,-0.6788247511390215,0.6788247511390215,-43.861265244455375
VNM,Vietnam,1994,1.6265512747121065,2.457940305071098,-0.8313890303589915,0.8313890303589915,-51.1136072550891
VNM,Vietnam,1995,1.7181901886386026,1.3031828683057327,0.4150073203328699,0.4150073203328699,24.15374753488136
VNM,Vietnam,1996,1.808444852440688,1.3181073129332241,0.49033753950746384,0.49033753950746384,27.113767878832544
VNM,Vietnam,1997,1.877649755737439,1.329268751250568,0.5483810044868709,0.5483810044868709,29.20571330255874
VNM,Vietnam,1998,1.9876756415633217,1.3435790818547237,0.6440965597085979,0.6440965597085979,32.404510385910406
VNM,Vietnam,1999,2.046573793026932,1.352828859090262,0.6937449339366701,0.6937449339366701,33.897870494598905
VNM,Vietnam,2000,2.1209837036210604,1.3668332343778902,0.7541504692431702,0.7541504692431702,35.55663666607353
VNM,Vietnam,2001,2.156370115691983,1.3804540653270045,0.7759160503649785,0.7759160503649785,35.9825080452845
VNM,Vietnam,2002,2.321814603076333,1.4025229407218698,0.9192916623544634,0.9192916623544634,39.59367217074223
VNM,Vietnam,2003,2.401082593150398,1.4363447378761462,0.9647378552742516,0.9647378552742516,40.17928654459338
VNM,Vietnam,2004,2.656436811967632,1.4736610380499908,1.1827757739176412,1.1827757739176412,44.52489773478011
VNM,Vietnam,2005,2.7772793842683594,1.5377115723991555,1.239567811869204,1.239567811869204,44.632449255577974
VNM,Vietnam,2006,2.816631658468757,1.5914315753962232,1.2252000830725338,1.2252000830725338,43.49876844523595
VNM,Vietnam,2007,2.931446925345294,1.6995281307412213,1.2319187946040726,1.2319187946040726,42.024257166415026
VNM,Vietnam,2008,3.007882944387905,1.8353727807653866,1.1725101636225186,1.1725101636225186,38.98124313016179
VNM,Vietnam,2009,3.1885755563918576,1.9351554147615728,1.2534201416302848,1.2534201416302848,39.30972057781925
VNM,Vietnam,2010,3.3473202356334597,2.2256746482881122,1.1216455873453475,1.1216455873453475,33.50876248424086
VNM,Vietnam,2011,3.341777260500296,2.416541578772554,0.9252356817277421,0.9252356817277421,27.686934514277755
VNM,Vietnam,2012,3.3008515796764346,2.5624653445838543,0.7383862350925803,0.7383862350925803,22.36956789087016
VNM,Vietnam,2013,3.356824339375628,2.7195667482865358,0.6372575910890923,0.6372575910890923,18.9839421626579
VNM,Vietnam,2014,3.491393688570425,2.8834423728500553,0.6079513157203698,0.6079513157203698,17.412854863964068
VNM,Vietnam,2015,3.7019419724285902,3.0823970316404896,0.6195449407881006,0.6195449407881006,16.73567401656649
VNM,Vietnam,2016,3.876362196442798,3.2578679708350347,0.6184942256077632,0.6184942256077632,15.955532384856443
VNM,Vietnam,2017,3.8915976497131233,3.49049236814131,0.40110528157181324,0.40110528157181324,10.306956619767243
VNM,Vietnam,2018,4.444636492834968,3.7125689979079426,0.7320674949270258,0.7320674949270258,16.470806917667268
VNM,Vietnam,2019,4.988074148729179,3.946338805864684,1.041735342864495,1.041735342864495,20.88451999315006
VNM,Vietnam,2020,5.0260926397731,4.094939877472532,0.9311527623005675,0.9311527623005675,18.526374841005794
VNM,Vietnam,2021,4.920189193121333,4.318806599556552,0.6013825935647805,0.6013825935647805,12.222753434065972
VNM,Vietnam,2022,4.960585381386188,4.65852404554588,0.3020613358403086,0.3020613358403086,6.0892276337737465
VNM,Vietnam,2023,5.410180776120964,4.1327297769046805,1.277450999216284,1.277450999216284,23.61198363009602
VNM,Vietnam,2024,5.785434077576547,4.393841267645953,1.3915928099305948,1.3915928099305948,24.053386336631068
